run_id,task_id,stage,case_id,job_id,profile_id,engine,git_head,script_sha256,machine,operator,ansys_version,dependency_snapshot_id,output_root_id,job_directory,started_at_utc,ended_at_utc,duration_s,terminal_phase,exit_code,reason,control_status,engineering_capability_status,visibility,declared_report_path,declared_report_sha256,artifact_manifest_path,artifact_manifest_sha256,stdout_sha256,stderr_sha256,external_files_case_id,reality_issue_ids,decision_ids,annotation_ids,gate_effect,status,notes
ajm005-spaceclaim-suite-20260714t174206637091z_61fb4628-549d8702112f,AJM-WIN-ANSYS-STUDENT-CAPABILITY-SMOKE-005,005_T0,ajm005-spaceclaim-suite-20260714t174206637091z_61fb4628,ajm005-spaceclaim-suite-20260714t174206637091z_61fb4628-549d8702112f,ajm005-spaceclaim-t0-v1,spaceclaim,1777d25c5060a5d31bf359cd7dd89bbb66b23956,9ce3d2e38711cbcf4cdf23fce5bfc44e02212022d41c46809929189a6f6d9044,LAPTOP-LCCLM2HI,Mac_Codex_via_SSH_MCP,2026_R1_v261,mcp1.28.1_pyfluent0.40.2_pymechanical0.12.11,student_smoke_005,C:\Users\admin\Downloads\AIRJET_ANSYS_STUDENT_SMOKE_005\ajm005-spaceclaim-suite-20260714t174206637091z_61fb4628\ajm005-spaceclaim-suite-20260714t174206637091z_61fb4628-549d8702112f,2026-07-14T17:42:10.487773+00:00,2026-07-14T17:42:25.955922+00:00,15.468,PROCESS_EXITED_0,0,NONE,PASS_CONTROL,NOT_RUN,NOT_USER_OBSERVED,C:\Users\admin\Downloads\AIRJET_ANSYS_STUDENT_SMOKE_005\ajm005-spaceclaim-suite-20260714t174206637091z_61fb4628\ajm005-spaceclaim-suite-20260714t174206637091z_61fb4628-549d8702112f\spaceclaim_probe.json,d045f98257422c3e456b2bc46036ce516190171a5d84ea533141805b1c7d2914,logs/evidence/AJM005_T0_SUITE_20260714T174206637091Z_61fb4628/suite-summary.json,NOT_APPLICABLE_CONDENSED_SUMMARY,72107e15dfea18d36102f0fad966c8c57360f3ffc5eb2f02efbd0a6b27e38b95,e3b0c44298fc1c149afbf4c8996fb92427ae41e4649b934ca495991b7852b855,ajm005-t0-first-fail-20260714,REAL-20260714-014;REAL-20260714-015,DEC-017,AJM-ANNOT-ANSYS-005-T0,P1_P6_NOT_RUN,FAIL_PRESERVED,T0 control only; not 005 engineering capability
ajm005-workbench-suite-20260714t174206637091z_61fb4628-9929018e0412,AJM-WIN-ANSYS-STUDENT-CAPABILITY-SMOKE-005,005_T0,ajm005-workbench-suite-20260714t174206637091z_61fb4628,ajm005-workbench-suite-20260714t174206637091z_61fb4628-9929018e0412,ajm005-workbench-t0-v1,workbench,1777d25c5060a5d31bf359cd7dd89bbb66b23956,f15f7eea188e433bdeb042a46b6d6142517067b0f6358a3c649982d42689a115,LAPTOP-LCCLM2HI,Mac_Codex_via_SSH_MCP,2026_R1_v261,mcp1.28.1_pyfluent0.40.2_pymechanical0.12.11,student_smoke_005,C:\Users\admin\Downloads\AIRJET_ANSYS_STUDENT_SMOKE_005\ajm005-workbench-suite-20260714t174206637091z_61fb4628\ajm005-workbench-suite-20260714t174206637091z_61fb4628-9929018e0412,2026-07-14T17:42:27.839865+00:00,2026-07-14T17:42:41.641803+00:00,13.802,FAILED_PROCESS,2,CONTROL_ASSERTION_FAILED,FAIL_CONTROL,NOT_RUN,NOT_USER_OBSERVED,C:\Users\admin\Downloads\AIRJET_ANSYS_STUDENT_SMOKE_005\ajm005-workbench-suite-20260714t174206637091z_61fb4628\ajm005-workbench-suite-20260714t174206637091z_61fb4628-9929018e0412\workbench_probe.json,eb85741cbd88a5a94783f4f8008d013a4d03b3a8416715c2d0a916ed010a87d9,logs/evidence/AJM005_T0_SUITE_20260714T174206637091Z_61fb4628/suite-summary.json,NOT_APPLICABLE_CONDENSED_SUMMARY,e3b0c44298fc1c149afbf4c8996fb92427ae41e4649b934ca495991b7852b855,e3b0c44298fc1c149afbf4c8996fb92427ae41e4649b934ca495991b7852b855,ajm005-t0-first-fail-20260714,REAL-20260714-014;REAL-20260714-015,DEC-017,AJM-ANNOT-ANSYS-005-T0,P1_P6_NOT_RUN,FAIL_PRESERVED,T0 control only; not 005 engineering capability
ajm005-pymechanical-suite-20260714t174206637091z_61fb4628-39049c639a20,AJM-WIN-ANSYS-STUDENT-CAPABILITY-SMOKE-005,005_T0,ajm005-pymechanical-suite-20260714t174206637091z_61fb4628,ajm005-pymechanical-suite-20260714t174206637091z_61fb4628-39049c639a20,ajm005-pymechanical-t0-v1,pymechanical,1777d25c5060a5d31bf359cd7dd89bbb66b23956,bd4630e9fde57ce75045f38471559e32e363eeafcd1740a16f6ef60405923b55,LAPTOP-LCCLM2HI,Mac_Codex_via_SSH_MCP,2026_R1_v261,mcp1.28.1_pyfluent0.40.2_pymechanical0.12.11,student_smoke_005,C:\Users\admin\Downloads\AIRJET_ANSYS_STUDENT_SMOKE_005\ajm005-pymechanical-suite-20260714t174206637091z_61fb4628\ajm005-pymechanical-suite-20260714t174206637091z_61fb4628-39049c639a20,2026-07-14T17:42:43.013126+00:00,2026-07-14T17:43:06.065695+00:00,23.053,PROCESS_EXITED_0,0,NONE,PASS_CONTROL,NOT_RUN,NOT_USER_OBSERVED,C:\Users\admin\Downloads\AIRJET_ANSYS_STUDENT_SMOKE_005\ajm005-pymechanical-suite-20260714t174206637091z_61fb4628\ajm005-pymechanical-suite-20260714t174206637091z_61fb4628-39049c639a20\pymechanical_probe.json,67bc9ae6f3837aad654b7e12e26f22a3bea063a0967d47badb0bd6728d894d4d,logs/evidence/AJM005_T0_SUITE_20260714T174206637091Z_61fb4628/suite-summary.json,NOT_APPLICABLE_CONDENSED_SUMMARY,e3b0c44298fc1c149afbf4c8996fb92427ae41e4649b934ca495991b7852b855,e3b0c44298fc1c149afbf4c8996fb92427ae41e4649b934ca495991b7852b855,ajm005-t0-first-fail-20260714,REAL-20260714-014;REAL-20260714-015,DEC-017,AJM-ANNOT-ANSYS-005-T0,P1_P6_NOT_RUN,FAIL_PRESERVED,T0 control only; not 005 engineering capability
ajm005-pyfluent-suite-20260714t174206637091z_61fb4628-59b88710c282,AJM-WIN-ANSYS-STUDENT-CAPABILITY-SMOKE-005,005_T0,ajm005-pyfluent-suite-20260714t174206637091z_61fb4628,ajm005-pyfluent-suite-20260714t174206637091z_61fb4628-59b88710c282,ajm005-pyfluent-t0-v1,pyfluent,1777d25c5060a5d31bf359cd7dd89bbb66b23956,270a1600906b936fa23fd7f7911920bcb3e44bf361e89ea035b91806f011d266,LAPTOP-LCCLM2HI,Mac_Codex_via_SSH_MCP,2026_R1_v261,mcp1.28.1_pyfluent0.40.2_pymechanical0.12.11,student_smoke_005,C:\Users\admin\Downloads\AIRJET_ANSYS_STUDENT_SMOKE_005\ajm005-pyfluent-suite-20260714t174206637091z_61fb4628\ajm005-pyfluent-suite-20260714t174206637091z_61fb4628-59b88710c282,2026-07-14T17:43:07.182502+00:00,2026-07-14T17:53:07.349369+00:00,600.167,TIMED_OUT,2,PROFILE_TIMEOUT,FAIL_CONTROL,NOT_RUN,NOT_USER_OBSERVED,C:\Users\admin\Downloads\AIRJET_ANSYS_STUDENT_SMOKE_005\ajm005-pyfluent-suite-20260714t174206637091z_61fb4628\ajm005-pyfluent-suite-20260714t174206637091z_61fb4628-59b88710c282\pyfluent_probe.json,2454abb42ef99c7875737fb4b3c225370daf9a60683fc9d13c3ad303a174f07e,logs/evidence/AJM005_T0_SUITE_20260714T174206637091Z_61fb4628/suite-summary.json,NOT_APPLICABLE_CONDENSED_SUMMARY,e3b0c44298fc1c149afbf4c8996fb92427ae41e4649b934ca495991b7852b855,e3b0c44298fc1c149afbf4c8996fb92427ae41e4649b934ca495991b7852b855,ajm005-t0-first-fail-20260714,REAL-20260714-014;REAL-20260714-015,DEC-017,AJM-ANNOT-ANSYS-005-T0,P1_P6_NOT_RUN,FAIL_PRESERVED,T0 control only; not 005 engineering capability
ajm005-spaceclaim-suite-20260714t175525010049z_2b301826-99450cc3b243,AJM-WIN-ANSYS-STUDENT-CAPABILITY-SMOKE-005,005_T0,ajm005-spaceclaim-suite-20260714t175525010049z_2b301826,ajm005-spaceclaim-suite-20260714t175525010049z_2b301826-99450cc3b243,ajm005-spaceclaim-t0-v1,spaceclaim,6265043003dfb44b2b694ef3e91cfd84d7cc832b,9ce3d2e38711cbcf4cdf23fce5bfc44e02212022d41c46809929189a6f6d9044,LAPTOP-LCCLM2HI,Mac_Codex_via_SSH_MCP,2026_R1_v261,mcp1.28.1_pyfluent0.40.2_pymechanical0.12.11,student_smoke_005,C:\Users\admin\Downloads\AIRJET_ANSYS_STUDENT_SMOKE_005\ajm005-spaceclaim-suite-20260714t175525010049z_2b301826\ajm005-spaceclaim-suite-20260714t175525010049z_2b301826-99450cc3b243,2026-07-14T17:55:27.464856+00:00,2026-07-14T17:55:45.851998+00:00,18.387,PROCESS_EXITED_0,0,NONE,PASS_CONTROL,NOT_RUN,NOT_USER_OBSERVED,C:\Users\admin\Downloads\AIRJET_ANSYS_STUDENT_SMOKE_005\ajm005-spaceclaim-suite-20260714t175525010049z_2b301826\ajm005-spaceclaim-suite-20260714t175525010049z_2b301826-99450cc3b243\spaceclaim_probe.json,a49b8feec6a15c705a7be918ad0a0e4c5fc0dd02a75ff1c602a179ba3e7b0308,logs/evidence/AJM005_T0_SUITE_20260714T175525010049Z_2b301826/suite-summary.json,NOT_APPLICABLE_CONDENSED_SUMMARY,72107e15dfea18d36102f0fad966c8c57360f3ffc5eb2f02efbd0a6b27e38b95,e3b0c44298fc1c149afbf4c8996fb92427ae41e4649b934ca495991b7852b855,ajm005-t0-control-pass-20260714,REAL-20260714-014;REAL-20260714-015,DEC-017,AJM-ANNOT-ANSYS-005-T0,P1_P6_NOT_RUN,PASS_CONTROL,T0 control only; not 005 engineering capability
ajm005-workbench-suite-20260714t175525010049z_2b301826-cf2bdb7d6029,AJM-WIN-ANSYS-STUDENT-CAPABILITY-SMOKE-005,005_T0,ajm005-workbench-suite-20260714t175525010049z_2b301826,ajm005-workbench-suite-20260714t175525010049z_2b301826-cf2bdb7d6029,ajm005-workbench-t0-v1,workbench,6265043003dfb44b2b694ef3e91cfd84d7cc832b,d6d47fb5be553d363d0f781b9c708c5a4e9e86cf9c22b7c519f53a40eae0915a,LAPTOP-LCCLM2HI,Mac_Codex_via_SSH_MCP,2026_R1_v261,mcp1.28.1_pyfluent0.40.2_pymechanical0.12.11,student_smoke_005,C:\Users\admin\Downloads\AIRJET_ANSYS_STUDENT_SMOKE_005\ajm005-workbench-suite-20260714t175525010049z_2b301826\ajm005-workbench-suite-20260714t175525010049z_2b301826-cf2bdb7d6029,2026-07-14T17:55:46.811184+00:00,2026-07-14T17:56:03.024855+00:00,16.214,PROCESS_EXITED_0,0,NONE,PASS_CONTROL,NOT_RUN,NOT_USER_OBSERVED,C:\Users\admin\Downloads\AIRJET_ANSYS_STUDENT_SMOKE_005\ajm005-workbench-suite-20260714t175525010049z_2b301826\ajm005-workbench-suite-20260714t175525010049z_2b301826-cf2bdb7d6029\workbench_probe.json,0dbf55d36616167b5c5787a275015fb17b7eef5a8b3b1df6188731431daa59f0,logs/evidence/AJM005_T0_SUITE_20260714T175525010049Z_2b301826/suite-summary.json,NOT_APPLICABLE_CONDENSED_SUMMARY,e3b0c44298fc1c149afbf4c8996fb92427ae41e4649b934ca495991b7852b855,e3b0c44298fc1c149afbf4c8996fb92427ae41e4649b934ca495991b7852b855,ajm005-t0-control-pass-20260714,REAL-20260714-014;REAL-20260714-015,DEC-017,AJM-ANNOT-ANSYS-005-T0,P1_P6_NOT_RUN,PASS_CONTROL,T0 control only; not 005 engineering capability
ajm005-pymechanical-suite-20260714t175525010049z_2b301826-7c8691cc1194,AJM-WIN-ANSYS-STUDENT-CAPABILITY-SMOKE-005,005_T0,ajm005-pymechanical-suite-20260714t175525010049z_2b301826,ajm005-pymechanical-suite-20260714t175525010049z_2b301826-7c8691cc1194,ajm005-pymechanical-t0-v1,pymechanical,6265043003dfb44b2b694ef3e91cfd84d7cc832b,bd4630e9fde57ce75045f38471559e32e363eeafcd1740a16f6ef60405923b55,LAPTOP-LCCLM2HI,Mac_Codex_via_SSH_MCP,2026_R1_v261,mcp1.28.1_pyfluent0.40.2_pymechanical0.12.11,student_smoke_005,C:\Users\admin\Downloads\AIRJET_ANSYS_STUDENT_SMOKE_005\ajm005-pymechanical-suite-20260714t175525010049z_2b301826\ajm005-pymechanical-suite-20260714t175525010049z_2b301826-7c8691cc1194,2026-07-14T17:56:04.003384+00:00,2026-07-14T17:56:25.051391+00:00,21.048,PROCESS_EXITED_0,0,NONE,PASS_CONTROL,NOT_RUN,NOT_USER_OBSERVED,C:\Users\admin\Downloads\AIRJET_ANSYS_STUDENT_SMOKE_005\ajm005-pymechanical-suite-20260714t175525010049z_2b301826\ajm005-pymechanical-suite-20260714t175525010049z_2b301826-7c8691cc1194\pymechanical_probe.json,67bc9ae6f3837aad654b7e12e26f22a3bea063a0967d47badb0bd6728d894d4d,logs/evidence/AJM005_T0_SUITE_20260714T175525010049Z_2b301826/suite-summary.json,NOT_APPLICABLE_CONDENSED_SUMMARY,e3b0c44298fc1c149afbf4c8996fb92427ae41e4649b934ca495991b7852b855,e3b0c44298fc1c149afbf4c8996fb92427ae41e4649b934ca495991b7852b855,ajm005-t0-control-pass-20260714,REAL-20260714-014;REAL-20260714-015,DEC-017,AJM-ANNOT-ANSYS-005-T0,P1_P6_NOT_RUN,PASS_CONTROL,T0 control only; not 005 engineering capability
ajm005-pyfluent-suite-20260714t175525010049z_2b301826-9e8a5ce26c8b,AJM-WIN-ANSYS-STUDENT-CAPABILITY-SMOKE-005,005_T0,ajm005-pyfluent-suite-20260714t175525010049z_2b301826,ajm005-pyfluent-suite-20260714t175525010049z_2b301826-9e8a5ce26c8b,ajm005-pyfluent-t0-v1,pyfluent,6265043003dfb44b2b694ef3e91cfd84d7cc832b,fd5a1c09fd7ecf7710fa4963d8e5aac2fbb7c63f7d7248c2d5e41f5c804d41be,LAPTOP-LCCLM2HI,Mac_Codex_via_SSH_MCP,2026_R1_v261,mcp1.28.1_pyfluent0.40.2_pymechanical0.12.11,student_smoke_005,C:\Users\admin\Downloads\AIRJET_ANSYS_STUDENT_SMOKE_005\ajm005-pyfluent-suite-20260714t175525010049z_2b301826\ajm005-pyfluent-suite-20260714t175525010049z_2b301826-9e8a5ce26c8b,2026-07-14T17:56:26.246340+00:00,2026-07-14T17:56:49.541135+00:00,23.295,PROCESS_EXITED_0,0,NONE,PASS_CONTROL,NOT_RUN,NOT_USER_OBSERVED,C:\Users\admin\Downloads\AIRJET_ANSYS_STUDENT_SMOKE_005\ajm005-pyfluent-suite-20260714t175525010049z_2b301826\ajm005-pyfluent-suite-20260714t175525010049z_2b301826-9e8a5ce26c8b\pyfluent_probe.json,ac949901c0e4c6737407da0623ab7ca9bfdd309fb016e0feec110a7091105166,logs/evidence/AJM005_T0_SUITE_20260714T175525010049Z_2b301826/suite-summary.json,NOT_APPLICABLE_CONDENSED_SUMMARY,e3b0c44298fc1c149afbf4c8996fb92427ae41e4649b934ca495991b7852b855,e3b0c44298fc1c149afbf4c8996fb92427ae41e4649b934ca495991b7852b855,ajm005-t0-control-pass-20260714,REAL-20260714-014;REAL-20260714-015,DEC-017,AJM-ANNOT-ANSYS-005-T0,P1_P6_NOT_RUN,PASS_CONTROL,T0 control only; not 005 engineering capability
ajm005-neg-20260714t185212829501z_ef345957-missing-4e493bf9fee9,AJM-WIN-ANSYS-STUDENT-CAPABILITY-SMOKE-005,005_T1_NEGATIVE,ajm005-neg-20260714t185212829501z_ef345957-missing,ajm005-neg-20260714t185212829501z_ef345957-missing-4e493bf9fee9,ajm005-workbench-transfer-t1-v1,workbench,96f0799e98b264cc4efb8c914b4df734c5814158,96b1ce638afc61a731a5dcac730204503dd000355215384b91bce7b8b208a76e,LAPTOP-LCCLM2HI,Mac_Codex_via_SSH_MCP,2026_R1_v261,mcp1.28.1_pyfluent0.40.2_pymechanical0.12.11,student_smoke_005,C:\Users\admin\Downloads\AIRJET_ANSYS_STUDENT_SMOKE_005\ajm005-neg-20260714t185212829501z_ef345957-missing\ajm005-neg-20260714t185212829501z_ef345957-missing-4e493bf9fee9,2026-07-14T18:52:15.392382+00:00,2026-07-14T18:52:15.394374+00:00,0.002,FAILED_START,,BLOCKED_REQUIRED_PREDECESSOR_ID,PASS_FAIL_CLOSED,NOT_RUN,NOT_USER_OBSERVED,NOT_CREATED,NOT_CREATED,logs/evidence/AJM005_T1_PREDECESSOR_NEGATIVE_20260714T185212829501Z_ef345957/suite-summary.json,NOT_APPLICABLE_CONDENSED_SUMMARY,NOT_CREATED,NOT_CREATED,ajm005-t1-predecessor-negative-20260714,REAL-20260714-020,NONE,NONE,P1_P6_NOT_RUN,PASS_NEGATIVE,Missing predecessor rejected before process start
ajm005-neg-20260714t185212829501z_ef345957-unexpected-4c62d873bcfd,AJM-WIN-ANSYS-STUDENT-CAPABILITY-SMOKE-005,005_T1_NEGATIVE,ajm005-neg-20260714t185212829501z_ef345957-unexpected,ajm005-neg-20260714t185212829501z_ef345957-unexpected-4c62d873bcfd,ajm005-spaceclaim-t0-v1,spaceclaim,96f0799e98b264cc4efb8c914b4df734c5814158,9ce3d2e38711cbcf4cdf23fce5bfc44e02212022d41c46809929189a6f6d9044,LAPTOP-LCCLM2HI,Mac_Codex_via_SSH_MCP,2026_R1_v261,mcp1.28.1_pyfluent0.40.2_pymechanical0.12.11,student_smoke_005,C:\Users\admin\Downloads\AIRJET_ANSYS_STUDENT_SMOKE_005\ajm005-neg-20260714t185212829501z_ef345957-unexpected\ajm005-neg-20260714t185212829501z_ef345957-unexpected-4c62d873bcfd,2026-07-14T18:52:16.341389+00:00,2026-07-14T18:52:16.344388+00:00,0.003,FAILED_START,,BLOCKED_UNEXPECTED_PREDECESSOR,PASS_FAIL_CLOSED,NOT_RUN,NOT_USER_OBSERVED,NOT_CREATED,NOT_CREATED,logs/evidence/AJM005_T1_PREDECESSOR_NEGATIVE_20260714T185212829501Z_ef345957/suite-summary.json,NOT_APPLICABLE_CONDENSED_SUMMARY,NOT_CREATED,NOT_CREATED,ajm005-t1-predecessor-negative-20260714,REAL-20260714-020,NONE,NONE,P1_P6_NOT_RUN,PASS_NEGATIVE,Unexpected predecessor rejected before process start
ajm005-neg-20260714t185212829501z_ef345957-unknown-33744dd03542,AJM-WIN-ANSYS-STUDENT-CAPABILITY-SMOKE-005,005_T1_NEGATIVE,ajm005-neg-20260714t185212829501z_ef345957-unknown,ajm005-neg-20260714t185212829501z_ef345957-unknown-33744dd03542,ajm005-workbench-transfer-t1-v1,workbench,96f0799e98b264cc4efb8c914b4df734c5814158,96b1ce638afc61a731a5dcac730204503dd000355215384b91bce7b8b208a76e,LAPTOP-LCCLM2HI,Mac_Codex_via_SSH_MCP,2026_R1_v261,mcp1.28.1_pyfluent0.40.2_pymechanical0.12.11,student_smoke_005,C:\Users\admin\Downloads\AIRJET_ANSYS_STUDENT_SMOKE_005\ajm005-neg-20260714t185212829501z_ef345957-unknown\ajm005-neg-20260714t185212829501z_ef345957-unknown-33744dd03542,2026-07-14T18:52:17.297017+00:00,2026-07-14T18:52:17.300299+00:00,0.003,FAILED_START,,BLOCKED_UNKNOWN_OR_SERVER_RESTARTED_PREDECESSOR,PASS_FAIL_CLOSED,NOT_RUN,NOT_USER_OBSERVED,NOT_CREATED,NOT_CREATED,logs/evidence/AJM005_T1_PREDECESSOR_NEGATIVE_20260714T185212829501Z_ef345957/suite-summary.json,NOT_APPLICABLE_CONDENSED_SUMMARY,NOT_CREATED,NOT_CREATED,ajm005-t1-predecessor-negative-20260714,REAL-20260714-020,NONE,NONE,P1_P6_NOT_RUN,PASS_NEGATIVE,Unknown predecessor rejected before process start
ajm005-cad-xfer-20260714t185233920643z_14b42b18-6a64cc458c40,AJM-WIN-ANSYS-STUDENT-CAPABILITY-SMOKE-005,005_T1_PARTIAL_CAD,ajm005-cad-xfer-20260714t185233920643z_14b42b18,ajm005-cad-xfer-20260714t185233920643z_14b42b18-6a64cc458c40,ajm005-spaceclaim-cad-t1-v1,spaceclaim,96f0799e98b264cc4efb8c914b4df734c5814158,a402d0ba42389bdf8afb214aa7aafa761c351d716825ad18ec5039cce22f1735,LAPTOP-LCCLM2HI,Mac_Codex_via_SSH_MCP,2026_R1_v261,mcp1.28.1_pyfluent0.40.2_pymechanical0.12.11,student_smoke_005,C:\Users\admin\Downloads\AIRJET_ANSYS_STUDENT_SMOKE_005\ajm005-cad-xfer-20260714t185233920643z_14b42b18\ajm005-cad-xfer-20260714t185233920643z_14b42b18-6a64cc458c40,2026-07-14T18:52:36.441252+00:00,2026-07-14T18:52:56.138667+00:00,19.697,PROCESS_EXITED_0,0,TYPE_ERROR_DOTNET_ARRAY_REQUIRED,PROCESS_EXITED_0,FAIL_DIRECT,NOT_USER_OBSERVED,C:\Users\admin\Downloads\AIRJET_ANSYS_STUDENT_SMOKE_005\ajm005-cad-xfer-20260714t185233920643z_14b42b18\ajm005-cad-xfer-20260714t185233920643z_14b42b18-6a64cc458c40\spaceclaim_cad_t1.json,7a13ce774598ac076002af46a21bd5af73ca0779337d592d990967c8c27581e7,logs/evidence/AJM005_T1_CAD_SUITE_20260714T185233920643Z_14b42b18/suite-summary.json,NOT_APPLICABLE_CONDENSED_SUMMARY,e0aeef0201d3646651a8fc79404398bbf64ce5b55351730d2d1d2e8c8c0058c7,e3b0c44298fc1c149afbf4c8996fb92427ae41e4649b934ca495991b7852b855,ajm005-t1-cad-first-fail-20260714,REAL-20260714-021,NONE,NONE,P1_READINESS_BLOCKED_P1_P6_NOT_RUN,FAIL_PRESERVED,Script parameter rebuild passed; group array conversion failed; Workbench blocked upstream
ajm005-cad-xfer-20260714t190312403805z_81461dd4-a3fdb92e5107,AJM-WIN-ANSYS-STUDENT-CAPABILITY-SMOKE-005,005_T1_PARTIAL_CAD,ajm005-cad-xfer-20260714t190312403805z_81461dd4,ajm005-cad-xfer-20260714t190312403805z_81461dd4-a3fdb92e5107,ajm005-spaceclaim-cad-t1-v1,spaceclaim,aa914a65bf3a8292ae2c6ec9f781fa2fb4381179,2ac08c349a89474e99e83e79799ac1797986449a0a781fa743178facae4cc9ec,LAPTOP-LCCLM2HI,Mac_Codex_via_SSH_MCP,2026_R1_v261,mcp1.28.1_pyfluent0.40.2_pymechanical0.12.11,student_smoke_005,C:\Users\admin\Downloads\AIRJET_ANSYS_STUDENT_SMOKE_005\ajm005-cad-xfer-20260714t190312403805z_81461dd4\ajm005-cad-xfer-20260714t190312403805z_81461dd4-a3fdb92e5107,2026-07-14T19:03:15.071275+00:00,2026-07-14T19:03:38.777071+00:00,23.706,PROCESS_EXITED_0,0,CAPABILITY_ASSERTION_FAILED,PROCESS_EXITED_0,FAIL_DIRECT,NOT_USER_OBSERVED,C:\Users\admin\Downloads\AIRJET_ANSYS_STUDENT_SMOKE_005\ajm005-cad-xfer-20260714t190312403805z_81461dd4\ajm005-cad-xfer-20260714t190312403805z_81461dd4-a3fdb92e5107\spaceclaim_cad_t1.json,112d510dfb088c24251ee2275256b5b3641f3e372d80649b57e9d405b39b191e,logs/evidence/AJM005_T1_CAD_SUITE_20260714T190312403805Z_81461dd4/suite-summary.json,NOT_APPLICABLE_CONDENSED_SUMMARY,f58dc151bed640e2e1bb0878978056bbf9316584edf3be1e11aed5995f1e18cb,e3b0c44298fc1c149afbf4c8996fb92427ae41e4649b934ca495991b7852b855,ajm005-t1-cad-second-fail-20260714,REAL-20260714-022,NONE,NONE,P1_READINESS_BLOCKED_P1_P6_NOT_RUN,FAIL_PRESERVED,.NET Array fix reached geometry assertions; intended inlet absent 200 vs 203.1416 mm3 and zmin 1 vs 0; STEP root-body query returned zero and all-body was not measured; Workbench blocked upstream
ajm005-cad-xfer-20260714t192046219114z_006c64df-ad5b474ac3ed,AJM-WIN-ANSYS-STUDENT-CAPABILITY-SMOKE-005,005_T1_PARTIAL_CAD,ajm005-cad-xfer-20260714t192046219114z_006c64df,ajm005-cad-xfer-20260714t192046219114z_006c64df-ad5b474ac3ed,ajm005-spaceclaim-cad-t1-v1,spaceclaim,74e855733613baa80d7d821b961c629268f4ba59,591678b3bf8a0582f2d9f037983dfbd5c42d6ae4194fc4251149c06a2e1e191a,LAPTOP-LCCLM2HI,Mac_Codex_via_SSH_MCP,2026_R1_v261,mcp1.28.1_pyfluent0.40.2_pymechanical0.12.11,student_smoke_005,C:\Users\admin\Downloads\AIRJET_ANSYS_STUDENT_SMOKE_005\ajm005-cad-xfer-20260714t192046219114z_006c64df\ajm005-cad-xfer-20260714t192046219114z_006c64df-ad5b474ac3ed,2026-07-14T19:20:48.814997+00:00,2026-07-14T19:21:12.774436+00:00,23.959,PROCESS_EXITED_0,0,ATTRIBUTE_ERROR_TRIMMEDSPACE_PIECECOUNT,PROCESS_EXITED_0,FAIL_DIRECT,NOT_USER_OBSERVED,C:\Users\admin\Downloads\AIRJET_ANSYS_STUDENT_SMOKE_005\ajm005-cad-xfer-20260714t192046219114z_006c64df\ajm005-cad-xfer-20260714t192046219114z_006c64df-ad5b474ac3ed\spaceclaim_cad_t1.json,c7ba37fc8e314dcd43bc59a7882c6b64d99d00aa1cb317edab85c35c6c6f9717,logs/evidence/AJM005_T1_CAD_SUITE_20260714T192046219114Z_006c64df/suite-summary.json,NOT_APPLICABLE_CONDENSED_SUMMARY,d6031b638d8dc50e919c774f3f28f0210f55f49e7d6d7ce733a81472ed758851,e3b0c44298fc1c149afbf4c8996fb92427ae41e4649b934ca495991b7852b855,ajm005-t1-cad-third-fail-20260714,REAL-20260714-023,NONE,NONE,P1_READINESS_BLOCKED_P1_P6_NOT_RUN,FAIL_PRESERVED,Analytic three-segment union and native reopen passed; STEP GetAllBodies reached one TrimmedSpace candidate but generic fingerprint assumed PieceCount; Workbench blocked upstream
ajm005-cad-xfer-20260714t193305538549z_ff27aa8a-e4a23016e42d,AJM-WIN-ANSYS-STUDENT-CAPABILITY-SMOKE-005,005_T1_PARTIAL_CAD,ajm005-cad-xfer-20260714t193305538549z_ff27aa8a,ajm005-cad-xfer-20260714t193305538549z_ff27aa8a-e4a23016e42d,ajm005-spaceclaim-cad-t1-v1,spaceclaim,9652054cf6d84467dce877342eb032df12c375a6,44d2a671a4ccf8853484abf726c4bcc121a7ad5d9a53a81bb0f94750d70794a5,LAPTOP-LCCLM2HI,Mac_Codex_via_SSH_MCP,2026_R1_v261,mcp1.28.1_pyfluent0.40.2_pymechanical0.12.11,student_smoke_005,C:\Users\admin\Downloads\AIRJET_ANSYS_STUDENT_SMOKE_005\ajm005-cad-xfer-20260714t193305538549z_ff27aa8a\ajm005-cad-xfer-20260714t193305538549z_ff27aa8a-e4a23016e42d,2026-07-14T19:33:08.155773+00:00,2026-07-14T19:33:32.110659+00:00,23.955,PROCESS_EXITED_0,0,NONE,PROCESS_EXITED_0,PASS_PARTIAL_CAD_CAPABILITY,NOT_USER_OBSERVED,C:\Users\admin\Downloads\AIRJET_ANSYS_STUDENT_SMOKE_005\ajm005-cad-xfer-20260714t193305538549z_ff27aa8a\ajm005-cad-xfer-20260714t193305538549z_ff27aa8a-e4a23016e42d\spaceclaim_cad_t1.json,e15d108f72807014f84f363b700682888c0dd02bc9bbdccaf7961ef6c6da47ac,logs/evidence/AJM005_T1_CAD_SUITE_20260714T193305538549Z_ff27aa8a/suite-summary.json,NOT_APPLICABLE_CONDENSED_SUMMARY,6ee35101c90c25692d921a5de11fbefb07189c4878eaa75e3cfafa087022144f,e3b0c44298fc1c149afbf4c8996fb92427ae41e4649b934ca495991b7852b855,ajm005-t1-cad-fourth-sc-pass-wb-fail-20260714,REAL-20260714-024,NONE,NONE,TRANSFER_SET_FAILED_P1_READINESS_BLOCKED_P1_P6_NOT_RUN,PASS_PARTIAL_CAD_ONLY,SC seven assertions passed including STEP occurrence and master topology; Workbench consumer failed later
ajm005-cad-xfer-20260714t193305538549z_ff27aa8a-c8c7b3931516,AJM-WIN-ANSYS-STUDENT-CAPABILITY-SMOKE-005,005_T1_CAD_TRANSFER,ajm005-cad-xfer-20260714t193305538549z_ff27aa8a,ajm005-cad-xfer-20260714t193305538549z_ff27aa8a-c8c7b3931516,ajm005-workbench-transfer-t1-v1,workbench,9652054cf6d84467dce877342eb032df12c375a6,96b1ce638afc61a731a5dcac730204503dd000355215384b91bce7b8b208a76e,LAPTOP-LCCLM2HI,Mac_Codex_via_SSH_MCP,2026_R1_v261,mcp1.28.1_pyfluent0.40.2_pymechanical0.12.11,student_smoke_005,C:\Users\admin\Downloads\AIRJET_ANSYS_STUDENT_SMOKE_005\ajm005-cad-xfer-20260714t193305538549z_ff27aa8a\ajm005-cad-xfer-20260714t193305538549z_ff27aa8a-c8c7b3931516,2026-07-14T19:33:33.616540+00:00,2026-07-14T19:36:14.495116+00:00,160.879,FAILED_PROCESS,2,GEOMETRY_STRUCTURE_ATTACH_FAILED,FAILED_PROCESS,FAIL_DIRECT,NOT_USER_OBSERVED,C:\Users\admin\Downloads\AIRJET_ANSYS_STUDENT_SMOKE_005\ajm005-cad-xfer-20260714t193305538549z_ff27aa8a\ajm005-cad-xfer-20260714t193305538549z_ff27aa8a-c8c7b3931516\workbench_transfer_t1.json,83c00e77bf21a227cc1a0a074bdfcac346a282ba7c498dc22e2a3862d6c16dae,logs/evidence/AJM005_T1_CAD_SUITE_20260714T193305538549Z_ff27aa8a/suite-summary.json,NOT_APPLICABLE_CONDENSED_SUMMARY,e3b0c44298fc1c149afbf4c8996fb92427ae41e4649b934ca495991b7852b855,e3b0c44298fc1c149afbf4c8996fb92427ae41e4649b934ca495991b7852b855,ajm005-t1-cad-fourth-sc-pass-wb-fail-20260714,REAL-20260714-024,NONE,NONE,TRANSFER_SET_FAILED_P1_READINESS_BLOCKED_P1_P6_NOT_RUN,FAIL_PRESERVED,Predecessor identity passed; scdocx attach failed at Model.Refresh; named-selection inspection mesh and project save were not reached
ajm005-cad-xfer-20260714t194756378277z_87034366-8dc6d985f23d,AJM-WIN-ANSYS-STUDENT-CAPABILITY-SMOKE-005,005_T1_PARTIAL_CAD,ajm005-cad-xfer-20260714t194756378277z_87034366,ajm005-cad-xfer-20260714t194756378277z_87034366-8dc6d985f23d,ajm005-spaceclaim-cad-t1-v1,spaceclaim,f3a1769eca78b146967e27193f54c1bf8cc729af,44d2a671a4ccf8853484abf726c4bcc121a7ad5d9a53a81bb0f94750d70794a5,LAPTOP-LCCLM2HI,Mac_Codex_via_SSH_MCP,2026_R1_v261,mcp1.28.1_pyfluent0.40.2_pymechanical0.12.11,student_smoke_005,C:\Users\admin\Downloads\AIRJET_ANSYS_STUDENT_SMOKE_005\ajm005-cad-xfer-20260714t194756378277z_87034366\ajm005-cad-xfer-20260714t194756378277z_87034366-8dc6d985f23d,2026-07-14T19:47:58.981387+00:00,2026-07-14T19:48:22.945436+00:00,23.964,PROCESS_EXITED_0,0,NONE,PROCESS_EXITED_0,PASS_PARTIAL_CAD_CAPABILITY,NOT_USER_OBSERVED,C:\Users\admin\Downloads\AIRJET_ANSYS_STUDENT_SMOKE_005\ajm005-cad-xfer-20260714t194756378277z_87034366\ajm005-cad-xfer-20260714t194756378277z_87034366-8dc6d985f23d\spaceclaim_cad_t1.json,654518f1204e2579a3047a76f4d8f2c21fe4919bb468751d129ba5760baf897b,logs/evidence/AJM005_T1_CAD_SUITE_20260714T194756378277Z_87034366/suite-summary.json,NOT_APPLICABLE_CONDENSED_SUMMARY,aa7bc6fd14422ed1e8f8cdc291858f8d79befd3c1c14670a83bb5ce73a4b45eb,e3b0c44298fc1c149afbf4c8996fb92427ae41e4649b934ca495991b7852b855,ajm005-t1-cad-fifth-update-route-fail-20260714,REAL-20260714-025,NONE,NONE,TRANSFER_SET_FAILED_P1_READINESS_BLOCKED_P1_P6_NOT_RUN,PASS_PARTIAL_CAD_ONLY,SpaceClaim seven-assertion partial pass reproduced with a new frozen predecessor
ajm005-cad-xfer-20260714t194756378277z_87034366-04b25837c835,AJM-WIN-ANSYS-STUDENT-CAPABILITY-SMOKE-005,005_T1_CAD_TRANSFER,ajm005-cad-xfer-20260714t194756378277z_87034366,ajm005-cad-xfer-20260714t194756378277z_87034366-04b25837c835,ajm005-workbench-transfer-t1-v1,workbench,f3a1769eca78b146967e27193f54c1bf8cc729af,6c69ae9481e0b974b3d2fe38e4263cf499dc4c5465f8f4709a39495d6ee31733,LAPTOP-LCCLM2HI,Mac_Codex_via_SSH_MCP,2026_R1_v261,mcp1.28.1_pyfluent0.40.2_pymechanical0.12.11,student_smoke_005,C:\Users\admin\Downloads\AIRJET_ANSYS_STUDENT_SMOKE_005\ajm005-cad-xfer-20260714t194756378277z_87034366\ajm005-cad-xfer-20260714t194756378277z_87034366-04b25837c835,2026-07-14T19:48:24.346132+00:00,2026-07-14T19:51:07.229146+00:00,162.883,FAILED_PROCESS,2,GEOMETRY_STRUCTURE_ATTACH_FAILED_UPDATE_ALL_DEPENDENCIES,FAILED_PROCESS,FAIL_DIRECT,NOT_USER_OBSERVED,C:\Users\admin\Downloads\AIRJET_ANSYS_STUDENT_SMOKE_005\ajm005-cad-xfer-20260714t194756378277z_87034366\ajm005-cad-xfer-20260714t194756378277z_87034366-04b25837c835\workbench_transfer_t1.json,21389b0defc6719f42cdb069a32cfc8c6aac1f3a06133893b65b2701dd6c85c6,logs/evidence/AJM005_T1_CAD_SUITE_20260714T194756378277Z_87034366/suite-summary.json,NOT_APPLICABLE_CONDENSED_SUMMARY,e3b0c44298fc1c149afbf4c8996fb92427ae41e4649b934ca495991b7852b855,e3b0c44298fc1c149afbf4c8996fb92427ae41e4649b934ca495991b7852b855,ajm005-t1-cad-fifth-update-route-fail-20260714,REAL-20260714-025,NONE,NONE,TRANSFER_SET_FAILED_P1_READINESS_BLOCKED_P1_P6_NOT_RUN,FAIL_PRESERVED,SetFile returned; Model.Update(AllDependencies=True) failed to attach the same scdocx route; downstream operations not reached
ajm005-cad-xfer-20260714t195725871623z_d3a5b5c3-9aaa10ed5333,AJM-WIN-ANSYS-STUDENT-CAPABILITY-SMOKE-005,005_T1_PARTIAL_CAD,ajm005-cad-xfer-20260714t195725871623z_d3a5b5c3,ajm005-cad-xfer-20260714t195725871623z_d3a5b5c3-9aaa10ed5333,ajm005-spaceclaim-cad-t1-v1,spaceclaim,d10fa5192d466c448ea7c04769530434885476e3,44d2a671a4ccf8853484abf726c4bcc121a7ad5d9a53a81bb0f94750d70794a5,LAPTOP-LCCLM2HI,Mac_Codex_via_SSH_MCP,2026_R1_v261,mcp1.28.1_pyfluent0.40.2_pymechanical0.12.11,student_smoke_005,C:\Users\admin\Downloads\AIRJET_ANSYS_STUDENT_SMOKE_005\ajm005-cad-xfer-20260714t195725871623z_d3a5b5c3\ajm005-cad-xfer-20260714t195725871623z_d3a5b5c3-9aaa10ed5333,2026-07-14T19:57:28.412339+00:00,2026-07-14T19:57:52.369649+00:00,23.957,PROCESS_EXITED_0,0,NONE,PROCESS_EXITED_0,PASS_PARTIAL_CAD_CAPABILITY,NOT_USER_OBSERVED,C:\Users\admin\Downloads\AIRJET_ANSYS_STUDENT_SMOKE_005\ajm005-cad-xfer-20260714t195725871623z_d3a5b5c3\ajm005-cad-xfer-20260714t195725871623z_d3a5b5c3-9aaa10ed5333\spaceclaim_cad_t1.json,29f59c1f0b57644cada442c866ae1db87cd13fc1bcd3cf0628f2ea3b3f2588cc,logs/evidence/AJM005_T1_CAD_SUITE_20260714T195725871623Z_d3a5b5c3/suite-summary.json,NOT_APPLICABLE_CONDENSED_SUMMARY,82af7f0ac858f7b8780e32aed310e0d3ac35f6d1b8fb884810fe0cfeb90ecba3,e3b0c44298fc1c149afbf4c8996fb92427ae41e4649b934ca495991b7852b855,ajm005-t1-cad-sixth-transferdata-fail-20260714,REAL-20260714-026,NONE,NONE,TRANSFER_SET_FAILED_P1_READINESS_BLOCKED_P1_P6_NOT_RUN,PASS_PARTIAL_CAD_ONLY,SpaceClaim partial CAD pass reproduced before the Workbench route test
ajm005-cad-xfer-20260714t195725871623z_d3a5b5c3-94beffc74bdc,AJM-WIN-ANSYS-STUDENT-CAPABILITY-SMOKE-005,005_T1_CAD_TRANSFER,ajm005-cad-xfer-20260714t195725871623z_d3a5b5c3,ajm005-cad-xfer-20260714t195725871623z_d3a5b5c3-94beffc74bdc,ajm005-workbench-transfer-t1-v1,workbench,d10fa5192d466c448ea7c04769530434885476e3,f773feab059a9ec86c666802b86599074d8da04b265ff1ef727728a76ea1d6fb,LAPTOP-LCCLM2HI,Mac_Codex_via_SSH_MCP,2026_R1_v261,mcp1.28.1_pyfluent0.40.2_pymechanical0.12.11,student_smoke_005,C:\Users\admin\Downloads\AIRJET_ANSYS_STUDENT_SMOKE_005\ajm005-cad-xfer-20260714t195725871623z_d3a5b5c3\ajm005-cad-xfer-20260714t195725871623z_d3a5b5c3-94beffc74bdc,2026-07-14T19:57:53.827000+00:00,2026-07-14T19:58:09.898485+00:00,16.071,FAILED_PROCESS,2,GEOMETRY_COMPONENT_TRANSFERDATA_INCOMPATIBLE,FAILED_PROCESS,FAIL_DIRECT,NOT_USER_OBSERVED,C:\Users\admin\Downloads\AIRJET_ANSYS_STUDENT_SMOKE_005\ajm005-cad-xfer-20260714t195725871623z_d3a5b5c3\ajm005-cad-xfer-20260714t195725871623z_d3a5b5c3-94beffc74bdc\workbench_transfer_t1.json,04547dc9c2e7eee8398fdcad87fcc88cddb4a89e27e8160f3cfb74f2fedac505,logs/evidence/AJM005_T1_CAD_SUITE_20260714T195725871623Z_d3a5b5c3/suite-summary.json,NOT_APPLICABLE_CONDENSED_SUMMARY,e3b0c44298fc1c149afbf4c8996fb92427ae41e4649b934ca495991b7852b855,e3b0c44298fc1c149afbf4c8996fb92427ae41e4649b934ca495991b7852b855,ajm005-t1-cad-sixth-transferdata-fail-20260714,REAL-20260714-026,NONE,NONE,TRANSFER_SET_FAILED_P1_READINESS_BLOCKED_P1_P6_NOT_RUN,FAIL_PRESERVED,Independent Geometry source SetFile returned; Geometry component TransferData to Static Geometry was rejected; model and inspection not reached
ajm005-cad-xfer-20260714t200415495276z_fcec8c5a-7be4e428a252,AJM-WIN-ANSYS-STUDENT-CAPABILITY-SMOKE-005,005_T1_PARTIAL_CAD,ajm005-cad-xfer-20260714t200415495276z_fcec8c5a,ajm005-cad-xfer-20260714t200415495276z_fcec8c5a-7be4e428a252,ajm005-spaceclaim-cad-t1-v1,spaceclaim,a4aa2befd0aa1b15aacaf8771d5b806f4e569b6e,44d2a671a4ccf8853484abf726c4bcc121a7ad5d9a53a81bb0f94750d70794a5,LAPTOP-LCCLM2HI,Mac_Codex_via_SSH_MCP,2026_R1_v261,mcp1.28.1_pyfluent0.40.2_pymechanical0.12.11,student_smoke_005,C:\Users\admin\Downloads\AIRJET_ANSYS_STUDENT_SMOKE_005\ajm005-cad-xfer-20260714t200415495276z_fcec8c5a\ajm005-cad-xfer-20260714t200415495276z_fcec8c5a-7be4e428a252,2026-07-14T20:04:18.036180+00:00,2026-07-14T20:04:41.992324+00:00,23.956,PROCESS_EXITED_0,0,NONE,PROCESS_EXITED_0,PASS_PARTIAL_CAD_CAPABILITY,NOT_USER_OBSERVED,C:\Users\admin\Downloads\AIRJET_ANSYS_STUDENT_SMOKE_005\ajm005-cad-xfer-20260714t200415495276z_fcec8c5a\ajm005-cad-xfer-20260714t200415495276z_fcec8c5a-7be4e428a252\spaceclaim_cad_t1.json,b7706e27fdff8c17e48021ca1ed242713114e0e6cea5d96dfadeb75dc6d10f06,logs/evidence/AJM005_T1_CAD_SUITE_20260714T200415495276Z_fcec8c5a/suite-summary.json,NOT_APPLICABLE_CONDENSED_SUMMARY,1693efae626db41f79cad0dee733dcfde71611fceb22e7efa84e535173e32ac5,e3b0c44298fc1c149afbf4c8996fb92427ae41e4649b934ca495991b7852b855,ajm005-t1-cad-seventh-share-model-update-fail-20260714,REAL-20260714-027,NONE,NONE,TRANSFER_SET_FAILED_P1_READINESS_BLOCKED_P1_P6_NOT_RUN,PASS_PARTIAL_CAD_ONLY,SpaceClaim partial CAD pass reproduced before the official share-route test
ajm005-cad-xfer-20260714t200415495276z_fcec8c5a-eaaa26a0fe20,AJM-WIN-ANSYS-STUDENT-CAPABILITY-SMOKE-005,005_T1_CAD_TRANSFER,ajm005-cad-xfer-20260714t200415495276z_fcec8c5a,ajm005-cad-xfer-20260714t200415495276z_fcec8c5a-eaaa26a0fe20,ajm005-workbench-transfer-t1-v1,workbench,a4aa2befd0aa1b15aacaf8771d5b806f4e569b6e,b0ec5fd5989be22363af4389a0b5556f3f1011e57d08711f11d61a7999e7ab0f,LAPTOP-LCCLM2HI,Mac_Codex_via_SSH_MCP,2026_R1_v261,mcp1.28.1_pyfluent0.40.2_pymechanical0.12.11,student_smoke_005,C:\Users\admin\Downloads\AIRJET_ANSYS_STUDENT_SMOKE_005\ajm005-cad-xfer-20260714t200415495276z_fcec8c5a\ajm005-cad-xfer-20260714t200415495276z_fcec8c5a-eaaa26a0fe20,2026-07-14T20:04:43.457207+00:00,2026-07-14T20:07:24.078829+00:00,160.622,FAILED_PROCESS,2,GEOMETRY_STRUCTURE_ATTACH_FAILED_AFTER_COMPONENTS_SHARE,FAILED_PROCESS,FAIL_DIRECT,NOT_USER_OBSERVED,C:\Users\admin\Downloads\AIRJET_ANSYS_STUDENT_SMOKE_005\ajm005-cad-xfer-20260714t200415495276z_fcec8c5a\ajm005-cad-xfer-20260714t200415495276z_fcec8c5a-eaaa26a0fe20\workbench_transfer_t1.json,587e0a04d4a56ba2e2645eb1bf7c06097ee2e6c3f9c2bbf8d79c91494b2320c8,logs/evidence/AJM005_T1_CAD_SUITE_20260714T200415495276Z_fcec8c5a/suite-summary.json,NOT_APPLICABLE_CONDENSED_SUMMARY,e3b0c44298fc1c149afbf4c8996fb92427ae41e4649b934ca495991b7852b855,e3b0c44298fc1c149afbf4c8996fb92427ae41e4649b934ca495991b7852b855,ajm005-t1-cad-seventh-share-model-update-fail-20260714,REAL-20260714-027,NONE,NONE,TRANSFER_SET_FAILED_P1_READINESS_BLOCKED_P1_P6_NOT_RUN,FAIL_PRESERVED,ComponentsToShare and GetGeometryFileAndSaveData returned; Model Component Update still failed to attach; inspection not reached
ajm005-cad-xfer-20260714t201303434255z_6dbb18a9-a2d230d5fb6d,AJM-WIN-ANSYS-STUDENT-CAPABILITY-SMOKE-005,005_T1_PARTIAL_CAD,ajm005-cad-xfer-20260714t201303434255z_6dbb18a9,ajm005-cad-xfer-20260714t201303434255z_6dbb18a9-a2d230d5fb6d,ajm005-spaceclaim-cad-t1-v1,spaceclaim,1d1c9eeba85249d8f848bfb08f49ad3937aece17,44d2a671a4ccf8853484abf726c4bcc121a7ad5d9a53a81bb0f94750d70794a5,LAPTOP-LCCLM2HI,Mac_Codex_via_SSH_MCP,2026_R1_v261,mcp1.28.1_pyfluent0.40.2_pymechanical0.12.11,student_smoke_005,C:\Users\admin\Downloads\AIRJET_ANSYS_STUDENT_SMOKE_005\ajm005-cad-xfer-20260714t201303434255z_6dbb18a9\ajm005-cad-xfer-20260714t201303434255z_6dbb18a9-a2d230d5fb6d,2026-07-14T20:13:05.959769+00:00,2026-07-14T20:13:29.667512+00:00,23.708,PROCESS_EXITED_0,0,NONE,PROCESS_EXITED_0,PASS_PARTIAL_CAD_CAPABILITY,NOT_USER_OBSERVED,C:\Users\admin\Downloads\AIRJET_ANSYS_STUDENT_SMOKE_005\ajm005-cad-xfer-20260714t201303434255z_6dbb18a9\ajm005-cad-xfer-20260714t201303434255z_6dbb18a9-a2d230d5fb6d\spaceclaim_cad_t1.json,8825b8f09e066a4a1aa9fd0ddeab460963724d67d8a8714d04a9b02297684e7c,logs/evidence/AJM005_T1_CAD_SUITE_20260714T201303434255Z_6dbb18a9/suite-summary.json,NOT_APPLICABLE_CONDENSED_SUMMARY,f8e1f35c2fbd7faa88baca3cd24ab34bfce15b456fdc9bc4d5c4fea93b2c2196,e3b0c44298fc1c149afbf4c8996fb92427ae41e4649b934ca495991b7852b855,ajm005-t1-cad-eighth-share-refresh-fail-20260714,REAL-20260714-028,NONE,NONE,TRANSFER_SET_FAILED_P1_READINESS_BLOCKED_P1_P6_NOT_RUN,PASS_PARTIAL_CAD_ONLY,SpaceClaim partial CAD pass reproduced before the official share and Refresh test
ajm005-cad-xfer-20260714t201303434255z_6dbb18a9-3b17344528db,AJM-WIN-ANSYS-STUDENT-CAPABILITY-SMOKE-005,005_T1_CAD_TRANSFER,ajm005-cad-xfer-20260714t201303434255z_6dbb18a9,ajm005-cad-xfer-20260714t201303434255z_6dbb18a9-3b17344528db,ajm005-workbench-transfer-t1-v1,workbench,1d1c9eeba85249d8f848bfb08f49ad3937aece17,83f06cf9b1dba1407e5f0bcf1ff5a5e5c4443c2794e9adabec3657325dbb9b16,LAPTOP-LCCLM2HI,Mac_Codex_via_SSH_MCP,2026_R1_v261,mcp1.28.1_pyfluent0.40.2_pymechanical0.12.11,student_smoke_005,C:\Users\admin\Downloads\AIRJET_ANSYS_STUDENT_SMOKE_005\ajm005-cad-xfer-20260714t201303434255z_6dbb18a9\ajm005-cad-xfer-20260714t201303434255z_6dbb18a9-3b17344528db,2026-07-14T20:13:31.340988+00:00,2026-07-14T20:16:12.460700+00:00,161.120,FAILED_PROCESS,2,GEOMETRY_STRUCTURE_ATTACH_FAILED_MODEL_CONTAINER_REFRESH,FAILED_PROCESS,FAIL_DIRECT,NOT_USER_OBSERVED,C:\Users\admin\Downloads\AIRJET_ANSYS_STUDENT_SMOKE_005\ajm005-cad-xfer-20260714t201303434255z_6dbb18a9\ajm005-cad-xfer-20260714t201303434255z_6dbb18a9-3b17344528db\workbench_transfer_t1.json,50e877c2e4e716b8a33b4d82347b20d41a69fdb241222b59efe72357b250f067,logs/evidence/AJM005_T1_CAD_SUITE_20260714T201303434255Z_6dbb18a9/suite-summary.json,NOT_APPLICABLE_CONDENSED_SUMMARY,e3b0c44298fc1c149afbf4c8996fb92427ae41e4649b934ca495991b7852b855,e3b0c44298fc1c149afbf4c8996fb92427ae41e4649b934ca495991b7852b855,ajm005-t1-cad-eighth-share-refresh-fail-20260714,REAL-20260714-028,NONE,NONE,TRANSFER_SET_FAILED_P1_READINESS_BLOCKED_P1_P6_NOT_RUN,FAIL_PRESERVED,Official ComponentsToShare save-data and Model container Refresh still failed to attach the scdocx; inspection not reached
ajm005-cad-xfer-20260714t202214703116z_110addbb-0685330b1eba,AJM-WIN-ANSYS-STUDENT-CAPABILITY-SMOKE-005,005_T1_PARTIAL_CAD,ajm005-cad-xfer-20260714t202214703116z_110addbb,ajm005-cad-xfer-20260714t202214703116z_110addbb-0685330b1eba,ajm005-spaceclaim-cad-t1-v1,spaceclaim,c965c73ef1eba0148ff5b9ebfef7a65ae75c4e9c,44d2a671a4ccf8853484abf726c4bcc121a7ad5d9a53a81bb0f94750d70794a5,LAPTOP-LCCLM2HI,Mac_Codex_via_SSH_MCP,2026_R1_v261,mcp1.28.1_pyfluent0.40.2_pymechanical0.12.11,student_smoke_005,C:\Users\admin\Downloads\AIRJET_ANSYS_STUDENT_SMOKE_005\ajm005-cad-xfer-20260714t202214703116z_110addbb\ajm005-cad-xfer-20260714t202214703116z_110addbb-0685330b1eba,2026-07-14T20:22:17.203978+00:00,2026-07-14T20:22:38.655222+00:00,21.451,PROCESS_EXITED_0,0,NONE,PROCESS_EXITED_0,PASS_PARTIAL_CAD_CAPABILITY,NOT_USER_OBSERVED,C:\Users\admin\Downloads\AIRJET_ANSYS_STUDENT_SMOKE_005\ajm005-cad-xfer-20260714t202214703116z_110addbb\ajm005-cad-xfer-20260714t202214703116z_110addbb-0685330b1eba\spaceclaim_cad_t1.json,d2719ffa3ec38f97553a820bdf915040fe1035152ffbd8d3671e9d93dc43debf,logs/evidence/AJM005_T1_CAD_SUITE_20260714T202214703116Z_110addbb/suite-summary.json,NOT_APPLICABLE_CONDENSED_SUMMARY,9d81b30531e3cb523a4b889e0c73d34d8711fa2a2a31d2e067fc4931da41c2ee,e3b0c44298fc1c149afbf4c8996fb92427ae41e4649b934ca495991b7852b855,ajm005-t1-cad-ninth-explicit-edit-fail-20260714,REAL-20260714-029,NONE,NONE,TRANSFER_SET_FAILED_P1_READINESS_BLOCKED_P1_P6_NOT_RUN,PASS_PARTIAL_CAD_ONLY,SpaceClaim partial CAD pass reproduced before explicit Workbench SpaceClaim edit test
ajm005-cad-xfer-20260714t202214703116z_110addbb-e99499f00453,AJM-WIN-ANSYS-STUDENT-CAPABILITY-SMOKE-005,005_T1_CAD_TRANSFER,ajm005-cad-xfer-20260714t202214703116z_110addbb,ajm005-cad-xfer-20260714t202214703116z_110addbb-e99499f00453,ajm005-workbench-transfer-t1-v1,workbench,c965c73ef1eba0148ff5b9ebfef7a65ae75c4e9c,162a7e13485f3ed31c270c7c40c47f378e7f1bac3b17217a06d40f52ad1200fb,LAPTOP-LCCLM2HI,Mac_Codex_via_SSH_MCP,2026_R1_v261,mcp1.28.1_pyfluent0.40.2_pymechanical0.12.11,student_smoke_005,C:\Users\admin\Downloads\AIRJET_ANSYS_STUDENT_SMOKE_005\ajm005-cad-xfer-20260714t202214703116z_110addbb\ajm005-cad-xfer-20260714t202214703116z_110addbb-e99499f00453,2026-07-14T20:22:40.624152+00:00,2026-07-14T20:27:20.972367+00:00,280.348,FAILED_PROCESS,2,DOWNSTREAM_ATTACH_FAILED_AFTER_SPACECLAIM_EDIT_EXIT,FAILED_PROCESS,FAIL_DIRECT,NOT_USER_OBSERVED,C:\Users\admin\Downloads\AIRJET_ANSYS_STUDENT_SMOKE_005\ajm005-cad-xfer-20260714t202214703116z_110addbb\ajm005-cad-xfer-20260714t202214703116z_110addbb-e99499f00453\workbench_transfer_t1.json,19fce639167035b661402784e9b1c7dc8876e7bb1cd46b20d780a2c906605387,logs/evidence/AJM005_T1_CAD_SUITE_20260714T202214703116Z_110addbb/suite-summary.json,NOT_APPLICABLE_CONDENSED_SUMMARY,e3b0c44298fc1c149afbf4c8996fb92427ae41e4649b934ca495991b7852b855,e3b0c44298fc1c149afbf4c8996fb92427ae41e4649b934ca495991b7852b855,ajm005-t1-cad-ninth-explicit-edit-fail-20260714,REAL-20260714-029,NONE,NONE,TRANSFER_SET_FAILED_P1_READINESS_BLOCKED_P1_P6_NOT_RUN,FAIL_PRESERVED,Workbench SpaceClaim Edit and Exit returned but downstream Model Refresh still failed to attach; inspection not reached
ajm005-cad-xfer-20260714t203527395289z_f90b26f2-3df5c11853cd,AJM-WIN-ANSYS-STUDENT-CAPABILITY-SMOKE-005,005_T1_PARTIAL_CAD,ajm005-cad-xfer-20260714t203527395289z_f90b26f2,ajm005-cad-xfer-20260714t203527395289z_f90b26f2-3df5c11853cd,ajm005-spaceclaim-cad-t1-v1,spaceclaim,6f828feaeaee3f61278a0d3198156592529cc7a7,44d2a671a4ccf8853484abf726c4bcc121a7ad5d9a53a81bb0f94750d70794a5,LAPTOP-LCCLM2HI,Mac_Codex_via_SSH_MCP,2026_R1_v261,mcp1.28.1_pyfluent0.40.2_pymechanical0.12.11,student_smoke_005,C:\Users\admin\Downloads\AIRJET_ANSYS_STUDENT_SMOKE_005\ajm005-cad-xfer-20260714t203527395289z_f90b26f2\ajm005-cad-xfer-20260714t203527395289z_f90b26f2-3df5c11853cd,2026-07-14T20:35:29.890240+00:00,2026-07-14T20:35:50.343206+00:00,20.453,PROCESS_EXITED_0,0,NONE,PROCESS_EXITED_0,PASS_PARTIAL_CAD_CAPABILITY,NOT_USER_OBSERVED,C:\Users\admin\Downloads\AIRJET_ANSYS_STUDENT_SMOKE_005\ajm005-cad-xfer-20260714t203527395289z_f90b26f2\ajm005-cad-xfer-20260714t203527395289z_f90b26f2-3df5c11853cd\spaceclaim_cad_t1.json,699ca4555cb62d41b407acf61354022cfab40c897288fe612edb54f4528f2d81,logs/evidence/AJM005_T1_CAD_SUITE_20260714T203527395289Z_f90b26f2/suite-summary.json,NOT_APPLICABLE_CONDENSED_SUMMARY,1a3ed345e64cc8e94d5320caadca9fb54f6fe79ede24501d76676a40b6c62672,e3b0c44298fc1c149afbf4c8996fb92427ae41e4649b934ca495991b7852b855,ajm005-t1-cad-tenth-step-diagnostic-20260714,REAL-20260714-030,NONE,NONE,TRANSFER_SET_FAILED_P1_READINESS_BLOCKED_P1_P6_NOT_RUN,PASS_PARTIAL_CAD_ONLY,SpaceClaim partial CAD reproduced before the STEP pipeline diagnostic
ajm005-cad-xfer-20260714t203527395289z_f90b26f2-f87db5b98356,AJM-WIN-ANSYS-STUDENT-CAPABILITY-SMOKE-005,005_T1_STEP_DIAGNOSTIC,ajm005-cad-xfer-20260714t203527395289z_f90b26f2,ajm005-cad-xfer-20260714t203527395289z_f90b26f2-f87db5b98356,ajm005-workbench-transfer-t1-v1,workbench,6f828feaeaee3f61278a0d3198156592529cc7a7,c7f6716699e332acbc117c5ce817c3e85d107c8025707a51f1b36693baed87b4,LAPTOP-LCCLM2HI,Mac_Codex_via_SSH_MCP,2026_R1_v261,mcp1.28.1_pyfluent0.40.2_pymechanical0.12.11,student_smoke_005,C:\Users\admin\Downloads\AIRJET_ANSYS_STUDENT_SMOKE_005\ajm005-cad-xfer-20260714t203527395289z_f90b26f2\ajm005-cad-xfer-20260714t203527395289z_f90b26f2-f87db5b98356,2026-07-14T20:35:52.256971+00:00,2026-07-14T20:36:25.619925+00:00,33.363,FAILED_PROCESS,2,STEP_DIAGNOSTIC_GUARD_FORCED_NONPASS,FAILED_PROCESS,FAIL_DIRECT,NOT_USER_OBSERVED,C:\Users\admin\Downloads\AIRJET_ANSYS_STUDENT_SMOKE_005\ajm005-cad-xfer-20260714t203527395289z_f90b26f2\ajm005-cad-xfer-20260714t203527395289z_f90b26f2-f87db5b98356\workbench_transfer_t1.json,580f6927809bf765d2f502dafe5c5a60962e67824142b7aaee8e56c2907b2964,logs/evidence/AJM005_T1_CAD_SUITE_20260714T203527395289Z_f90b26f2/suite-summary.json,NOT_APPLICABLE_CONDENSED_SUMMARY,e3b0c44298fc1c149afbf4c8996fb92427ae41e4649b934ca495991b7852b855,e3b0c44298fc1c149afbf4c8996fb92427ae41e4649b934ca495991b7852b855,ajm005-t1-cad-tenth-step-diagnostic-20260714,REAL-20260714-030,NONE,NONE,TRANSFER_SET_FAILED_P1_READINESS_BLOCKED_P1_P6_NOT_RUN,FAIL_PRESERVED,STEP body 1 and mesh 1063 nodes 513 elements and project save observed; names were zero and native claims remained false
ajm005-semantic-recon-20260714t210952085661z_4c81dce0-22072d808273,AJM-WIN-ANSYS-STUDENT-CAPABILITY-SMOKE-005,005_T1_PARTIAL_CAD,ajm005-semantic-recon-20260714t210952085661z_4c81dce0,ajm005-semantic-recon-20260714t210952085661z_4c81dce0-22072d808273,ajm005-spaceclaim-cad-t1-v1,spaceclaim,4f80fc6aa461163635fb7c4d9e0fece008ac0e66,4fdaf2f1f5ae2063f79b99adc8ac6ae91a147032c1386fc4119b5abd4ceff17e,LAPTOP-LCCLM2HI,Mac_Codex_via_SSH_MCP,2026_R1_v261,mcp1.28.1_pyfluent0.40.2_pymechanical0.12.11,student_smoke_005,C:\Users\admin\Downloads\AIRJET_ANSYS_STUDENT_SMOKE_005\ajm005-semantic-recon-20260714t210952085661z_4c81dce0\ajm005-semantic-recon-20260714t210952085661z_4c81dce0-22072d808273,2026-07-14T21:09:54.633911+00:00,2026-07-14T21:10:14.588372+00:00,19.954,PROCESS_EXITED_0,0,NONE,PROCESS_EXITED_0,PASS_PARTIAL_CAD_CAPABILITY,NOT_USER_OBSERVED,C:\Users\admin\Downloads\AIRJET_ANSYS_STUDENT_SMOKE_005\ajm005-semantic-recon-20260714t210952085661z_4c81dce0\ajm005-semantic-recon-20260714t210952085661z_4c81dce0-22072d808273\spaceclaim_cad_t1.json,9613af45b8b7dfcd2eea77e7c21ce3f6f327df05c55e7e5056980ecfbc5c985c,logs/evidence/AJM005_T1_SEMANTIC_RECON_SUITE_20260714T210952085661Z_4c81dce0/suite-summary.json,NOT_APPLICABLE_CONDENSED_SUMMARY,4573bbf8d0816e4ba31bf599987b8a3ab3c807d51ebcdc5ac3025d8c150a3983,e3b0c44298fc1c149afbf4c8996fb92427ae41e4649b934ca495991b7852b855,ajm005-t1-semantic-reconstruction-first-runtime-20260714,REAL-20260714-032,NONE,NONE,P1_READINESS_BLOCKED_P1_P6_NOT_RUN,PASS_PARTIAL_CAD_ONLY,SpaceClaim producer and hash-bound semantic sidecar passed before Workbench semantic reconstruction
ajm005-semantic-recon-20260714t210952085661z_4c81dce0-fafc99fff120,AJM-WIN-ANSYS-STUDENT-CAPABILITY-SMOKE-005,005_T1_SEMANTIC_RECONSTRUCTION,ajm005-semantic-recon-20260714t210952085661z_4c81dce0,ajm005-semantic-recon-20260714t210952085661z_4c81dce0-fafc99fff120,ajm005-workbench-semantic-reconstruction-t1-v1,workbench,4f80fc6aa461163635fb7c4d9e0fece008ac0e66,b713083ecadc83816d05e289bc48bf1ce038bd4ec9b7a0d7280e7e470144361a,LAPTOP-LCCLM2HI,Mac_Codex_via_SSH_MCP,2026_R1_v261,mcp1.28.1_pyfluent0.40.2_pymechanical0.12.11,student_smoke_005,C:\Users\admin\Downloads\AIRJET_ANSYS_STUDENT_SMOKE_005\ajm005-semantic-recon-20260714t210952085661z_4c81dce0\ajm005-semantic-recon-20260714t210952085661z_4c81dce0-fafc99fff120,2026-07-14T21:10:16.002681+00:00,2026-07-14T21:11:33.706653+00:00,77.704,FAILED_PROCESS,2,GEOMETRY_STRUCTURE_ATTACH_FAILED_BEFORE_SEMANTIC_ALGORITHM,FAILED_PROCESS,FAIL_DIRECT,NOT_USER_OBSERVED,C:\Users\admin\Downloads\AIRJET_ANSYS_STUDENT_SMOKE_005\ajm005-semantic-recon-20260714t210952085661z_4c81dce0\ajm005-semantic-recon-20260714t210952085661z_4c81dce0-fafc99fff120\workbench_semantic_reconstruction_t1.json,8b2a93c67c665f0474f12bfe7ac6b287786a5de931997914c179189de4e53574,logs/evidence/AJM005_T1_SEMANTIC_RECON_SUITE_20260714T210952085661Z_4c81dce0/suite-summary.json,NOT_APPLICABLE_CONDENSED_SUMMARY,e3b0c44298fc1c149afbf4c8996fb92427ae41e4649b934ca495991b7852b855,e3b0c44298fc1c149afbf4c8996fb92427ae41e4649b934ca495991b7852b855,ajm005-t1-semantic-reconstruction-first-runtime-20260714,REAL-20260714-032,NONE,NONE,P1_READINESS_BLOCKED_P1_P6_NOT_RUN,FAIL_PRESERVED,Input identity checks passed but Model.Refresh failed before Mechanical face enumeration negative controls mesh or project save
ajm005-sem-20260714t212101506753z_e604cf53-db1044630176,AJM-WIN-ANSYS-STUDENT-CAPABILITY-SMOKE-005,005_T1_PARTIAL_CAD,ajm005-sem-20260714t212101506753z_e604cf53,ajm005-sem-20260714t212101506753z_e604cf53-db1044630176,ajm005-spaceclaim-cad-t1-v1,spaceclaim,0fe714fdba9746aff2ef8cda23e5f2657e4d0f8e,4fdaf2f1f5ae2063f79b99adc8ac6ae91a147032c1386fc4119b5abd4ceff17e,LAPTOP-LCCLM2HI,Mac_Codex_via_SSH_MCP,2026_R1_v261,mcp1.28.1_pyfluent0.40.2_pymechanical0.12.11,student_smoke_005,C:\Users\admin\Downloads\AIRJET_ANSYS_STUDENT_SMOKE_005\ajm005-sem-20260714t212101506753z_e604cf53\ajm005-sem-20260714t212101506753z_e604cf53-db1044630176,2026-07-14T21:21:04.082307+00:00,2026-07-14T21:21:25.536609+00:00,21.454,PROCESS_EXITED_0,0,NONE,PROCESS_EXITED_0,PASS_PARTIAL_CAD_CAPABILITY,NOT_USER_OBSERVED,C:\Users\admin\Downloads\AIRJET_ANSYS_STUDENT_SMOKE_005\ajm005-sem-20260714t212101506753z_e604cf53\ajm005-sem-20260714t212101506753z_e604cf53-db1044630176\spaceclaim_cad_t1.json,eb06f75055cd75ed46472d653503ae2433498dfd330c3e2d11680533a8ab0cc3,logs/evidence/AJM005_T1_SEMANTIC_RECON_SUITE_20260714T212101506753Z_e604cf53/suite-summary.json,NOT_APPLICABLE_CONDENSED_SUMMARY,d5f4932ace856bb7c9cc991bbe6829506ffc7f5d8e518a9bfd88cc3a50c37f79,e3b0c44298fc1c149afbf4c8996fb92427ae41e4649b934ca495991b7852b855,ajm005-t1-semantic-short-path-20260714,REAL-20260714-033,NONE,NONE,P1_READINESS_BLOCKED_P1_P6_NOT_RUN,PASS_PARTIAL_CAD_ONLY,SpaceClaim producer and semantic sidecar passed before short-path Workbench reconstruction
ajm005-sem-20260714t212101506753z_e604cf53-e3349c39cebd,AJM-WIN-ANSYS-STUDENT-CAPABILITY-SMOKE-005,005_T1_SEMANTIC_RECONSTRUCTION,ajm005-sem-20260714t212101506753z_e604cf53,ajm005-sem-20260714t212101506753z_e604cf53-e3349c39cebd,ajm005-workbench-semantic-reconstruction-t1-v1,workbench,0fe714fdba9746aff2ef8cda23e5f2657e4d0f8e,b713083ecadc83816d05e289bc48bf1ce038bd4ec9b7a0d7280e7e470144361a,LAPTOP-LCCLM2HI,Mac_Codex_via_SSH_MCP,2026_R1_v261,mcp1.28.1_pyfluent0.40.2_pymechanical0.12.11,student_smoke_005,C:\Users\admin\Downloads\AIRJET_ANSYS_STUDENT_SMOKE_005\ajm005-sem-20260714t212101506753z_e604cf53\ajm005-sem-20260714t212101506753z_e604cf53-e3349c39cebd,2026-07-14T21:21:27.443681+00:00,2026-07-14T21:21:55.294434+00:00,27.851,FAILED_PROCESS,2,SEMANTIC_RECONSTRUCTION_CLASS_COUNT_MISMATCH_INLET_0_OUTLET_1_WALLS_12,FAILED_PROCESS,FAIL_DIRECT,NOT_USER_OBSERVED,C:\Users\admin\Downloads\AIRJET_ANSYS_STUDENT_SMOKE_005\ajm005-sem-20260714t212101506753z_e604cf53\ajm005-sem-20260714t212101506753z_e604cf53-e3349c39cebd\workbench_semantic_reconstruction_t1.json,89afc8b0f6fab5d631d9adeb0b45c5b4532e71223985a33d7458e86575ff0434,logs/evidence/AJM005_T1_SEMANTIC_RECON_SUITE_20260714T212101506753Z_e604cf53/suite-summary.json,NOT_APPLICABLE_CONDENSED_SUMMARY,e3b0c44298fc1c149afbf4c8996fb92427ae41e4649b934ca495991b7852b855,e3b0c44298fc1c149afbf4c8996fb92427ae41e4649b934ca495991b7852b855,ajm005-t1-semantic-short-path-20260714,REAL-20260714-033,NONE,NONE,P1_READINESS_BLOCKED_P1_P6_NOT_RUN,FAIL_PRESERVED,Short path reached Mechanical and project save; real partition rejected INLET 0 OUTLET 1 WALLS 12; face map not preserved by old failure branch
ajm005-sem-20260714t213101596271z_f453bd4b-5371050d9748,AJM-WIN-ANSYS-STUDENT-CAPABILITY-SMOKE-005,005_T1_PARTIAL_CAD,ajm005-sem-20260714t213101596271z_f453bd4b,ajm005-sem-20260714t213101596271z_f453bd4b-5371050d9748,ajm005-spaceclaim-cad-t1-v1,spaceclaim,d107c40dbcc549cb75d43bb097b193cade73eb00,4fdaf2f1f5ae2063f79b99adc8ac6ae91a147032c1386fc4119b5abd4ceff17e,LAPTOP-LCCLM2HI,Mac_Codex_via_SSH_MCP,2026_R1_v261,mcp1.28.1_pyfluent0.40.2_pymechanical0.12.11,student_smoke_005,C:\Users\admin\Downloads\AIRJET_ANSYS_STUDENT_SMOKE_005\ajm005-sem-20260714t213101596271z_f453bd4b\ajm005-sem-20260714t213101596271z_f453bd4b-5371050d9748,2026-07-14T21:31:04.173497+00:00,2026-07-14T21:31:24.372183+00:00,20.199,PROCESS_EXITED_0,0,NONE,PROCESS_EXITED_0,PASS_PARTIAL_CAD_CAPABILITY,NOT_USER_OBSERVED,C:\Users\admin\Downloads\AIRJET_ANSYS_STUDENT_SMOKE_005\ajm005-sem-20260714t213101596271z_f453bd4b\ajm005-sem-20260714t213101596271z_f453bd4b-5371050d9748\spaceclaim_cad_t1.json,801367ffcb411bc3d48a08995d983b04539fbf9044856d47a51c8d53ad7eba02,logs/evidence/AJM005_T1_SEMANTIC_RECON_SUITE_20260714T213101596271Z_f453bd4b/suite-summary.json,NOT_APPLICABLE_CONDENSED_SUMMARY,3313abcba2e48176ddd16934edc16035e1a2a464b581325b2059f1ec44f0d0ad,e3b0c44298fc1c149afbf4c8996fb92427ae41e4649b934ca495991b7852b855,ajm005-t1-semantic-face-map-20260714,REAL-20260714-034,NONE,NONE,P1_READINESS_BLOCKED_P1_P6_NOT_RUN,PASS_PARTIAL_CAD_ONLY,SpaceClaim producer and semantic sidecar passed before face-map Workbench reconstruction
ajm005-sem-20260714t213101596271z_f453bd4b-e53a6a0403db,AJM-WIN-ANSYS-STUDENT-CAPABILITY-SMOKE-005,005_T1_SEMANTIC_RECONSTRUCTION,ajm005-sem-20260714t213101596271z_f453bd4b,ajm005-sem-20260714t213101596271z_f453bd4b-e53a6a0403db,ajm005-workbench-semantic-reconstruction-t1-v1,workbench,d107c40dbcc549cb75d43bb097b193cade73eb00,d403286fadaa4d6fb60a2bb543684269f0892cb348dc964739bcd9071237e9cd,LAPTOP-LCCLM2HI,Mac_Codex_via_SSH_MCP,2026_R1_v261,mcp1.28.1_pyfluent0.40.2_pymechanical0.12.11,student_smoke_005,C:\Users\admin\Downloads\AIRJET_ANSYS_STUDENT_SMOKE_005\ajm005-sem-20260714t213101596271z_f453bd4b\ajm005-sem-20260714t213101596271z_f453bd4b-e53a6a0403db,2026-07-14T21:31:25.559569+00:00,2026-07-14T21:31:54.905869+00:00,29.346,FAILED_PROCESS,2,INLET_AREA_SIGNATURE_NOT_PORTABLE_ACROSS_STEP_MECHANICAL,FAILED_PROCESS,FAIL_DIRECT,NOT_USER_OBSERVED,C:\Users\admin\Downloads\AIRJET_ANSYS_STUDENT_SMOKE_005\ajm005-sem-20260714t213101596271z_f453bd4b\ajm005-sem-20260714t213101596271z_f453bd4b-e53a6a0403db\workbench_semantic_reconstruction_t1.json,91918d1894ed2b5e3b7df2e27df543eda9a0f2dbeb00a236fdea8ecb629e00b9,logs/evidence/AJM005_T1_SEMANTIC_RECON_SUITE_20260714T213101596271Z_f453bd4b/suite-summary.json,NOT_APPLICABLE_CONDENSED_SUMMARY,e3b0c44298fc1c149afbf4c8996fb92427ae41e4649b934ca495991b7852b855,e3b0c44298fc1c149afbf4c8996fb92427ae41e4649b934ca495991b7852b855,ajm005-t1-semantic-face-map-20260714,REAL-20260714-034,NONE,NONE,P1_READINESS_BLOCKED_P1_P6_NOT_RUN,FAIL_PRESERVED,Body 1 faces 13 and four negative controls passed; inlet centroid exact but area 2 versus pi so partition remained 0 1 12 and mesh not reached
ajm005-sem-20260714t214025424158z_01e34e81-34da26e8e08a,AJM-WIN-ANSYS-STUDENT-CAPABILITY-SMOKE-005,005_T1_PARTIAL_CAD,ajm005-sem-20260714t214025424158z_01e34e81,ajm005-sem-20260714t214025424158z_01e34e81-34da26e8e08a,ajm005-spaceclaim-cad-t1-v1,spaceclaim,63d84405522a9f07b8f629dceae3b24c798869d6,4fdaf2f1f5ae2063f79b99adc8ac6ae91a147032c1386fc4119b5abd4ceff17e,LAPTOP-LCCLM2HI,Mac_Codex_via_SSH_MCP,2026_R1_v261,mcp1.28.1_pyfluent0.40.2_pymechanical0.12.11,student_smoke_005,C:\Users\admin\Downloads\AIRJET_ANSYS_STUDENT_SMOKE_005\ajm005-sem-20260714t214025424158z_01e34e81\ajm005-sem-20260714t214025424158z_01e34e81-34da26e8e08a,2026-07-14T21:40:28.000296+00:00,2026-07-14T21:40:47.949873+00:00,19.950,PROCESS_EXITED_0,0,NONE,PROCESS_EXITED_0,PASS_PARTIAL_CAD_CAPABILITY,NOT_USER_OBSERVED,C:\Users\admin\Downloads\AIRJET_ANSYS_STUDENT_SMOKE_005\ajm005-sem-20260714t214025424158z_01e34e81\ajm005-sem-20260714t214025424158z_01e34e81-34da26e8e08a\spaceclaim_cad_t1.json,d751215238d836e7c21c5c07929723b150b361409cf07ed0a4eab304b0363462,logs/evidence/AJM005_T1_SEMANTIC_RECON_SUITE_20260714T214025424158Z_01e34e81/suite-summary.json,NOT_APPLICABLE_CONDENSED_SUMMARY,dc56547ad811bec3d8072ee9387646dda61e9626fabaad74b12461c9b2e74f25,e3b0c44298fc1c149afbf4c8996fb92427ae41e4649b934ca495991b7852b855,ajm005-t1-semantic-topology-map-20260714,REAL-20260714-035,NONE,NONE,P1_READINESS_BLOCKED_P1_P6_NOT_RUN,PASS_PARTIAL_CAD_ONLY,SpaceClaim producer and semantic sidecar passed before solver topology observation
ajm005-sem-20260714t214025424158z_01e34e81-64daf4bc354b,AJM-WIN-ANSYS-STUDENT-CAPABILITY-SMOKE-005,005_T1_SEMANTIC_RECONSTRUCTION,ajm005-sem-20260714t214025424158z_01e34e81,ajm005-sem-20260714t214025424158z_01e34e81-64daf4bc354b,ajm005-workbench-semantic-reconstruction-t1-v1,workbench,63d84405522a9f07b8f629dceae3b24c798869d6,1c53f9e796aaa2d187c3d1f0f504328f354d22ec273b7c7a0c5c603f32324482,LAPTOP-LCCLM2HI,Mac_Codex_via_SSH_MCP,2026_R1_v261,mcp1.28.1_pyfluent0.40.2_pymechanical0.12.11,student_smoke_005,C:\Users\admin\Downloads\AIRJET_ANSYS_STUDENT_SMOKE_005\ajm005-sem-20260714t214025424158z_01e34e81\ajm005-sem-20260714t214025424158z_01e34e81-64daf4bc354b,2026-07-14T21:40:49.374809+00:00,2026-07-14T21:41:17.226905+00:00,27.852,FAILED_PROCESS,2,INLET_SOLVER_TOPOLOGY_OBSERVED_AREA_MATCH_STILL_FAILS,FAILED_PROCESS,FAIL_DIRECT,NOT_USER_OBSERVED,C:\Users\admin\Downloads\AIRJET_ANSYS_STUDENT_SMOKE_005\ajm005-sem-20260714t214025424158z_01e34e81\ajm005-sem-20260714t214025424158z_01e34e81-64daf4bc354b\workbench_semantic_reconstruction_t1.json,ec505cff47b43b546ca872a5a0800c2a28ee881f778ce93b59819931e94c2602,logs/evidence/AJM005_T1_SEMANTIC_RECON_SUITE_20260714T214025424158Z_01e34e81/suite-summary.json,NOT_APPLICABLE_CONDENSED_SUMMARY,e3b0c44298fc1c149afbf4c8996fb92427ae41e4649b934ca495991b7852b855,e3b0c44298fc1c149afbf4c8996fb92427ae41e4649b934ca495991b7852b855,ajm005-t1-semantic-topology-map-20260714,REAL-20260714-035,NONE,NONE,P1_READINESS_BLOCKED_P1_P6_NOT_RUN,FAIL_PRESERVED,All topology APIs returned; inlet face is plane two edges abs z-normal one and exact center; next single variable changes inlet area anchor to solver topology
ajm005-sem-20260714t214944170151z_221eac96-8166d373d69f,AJM-WIN-ANSYS-STUDENT-CAPABILITY-SMOKE-005,005_T1_PARTIAL_CAD,ajm005-sem-20260714t214944170151z_221eac96,ajm005-sem-20260714t214944170151z_221eac96-8166d373d69f,ajm005-spaceclaim-cad-t1-v1,spaceclaim,7a7f8e098adf51743c7121dbdfb25ebf4756336d,4fdaf2f1f5ae2063f79b99adc8ac6ae91a147032c1386fc4119b5abd4ceff17e,LAPTOP-LCCLM2HI,Mac_Codex_via_SSH_MCP,2026_R1_v261,mcp1.28.1_pyfluent0.40.2_pymechanical0.12.11,student_smoke_005,C:\Users\admin\Downloads\AIRJET_ANSYS_STUDENT_SMOKE_005\ajm005-sem-20260714t214944170151z_221eac96\ajm005-sem-20260714t214944170151z_221eac96-8166d373d69f,2026-07-14T21:49:46.752708+00:00,2026-07-14T21:50:08.456491+00:00,21.704,PROCESS_EXITED_0,0,NONE,PROCESS_EXITED_0,PASS_PARTIAL_CAD_CAPABILITY,NOT_USER_OBSERVED,C:\Users\admin\Downloads\AIRJET_ANSYS_STUDENT_SMOKE_005\ajm005-sem-20260714t214944170151z_221eac96\ajm005-sem-20260714t214944170151z_221eac96-8166d373d69f\spaceclaim_cad_t1.json,39299cac95889d64d7172b64147cb2073d464ec35dc357fd562ae8b2af52bc57,logs/evidence/AJM005_T1_SEMANTIC_RECON_SUITE_20260714T214944170151Z_221eac96/suite-summary.json,NOT_APPLICABLE_CONDENSED_SUMMARY,1ca6298fae6207e7ffa2b464fb5476088384a2bc2a1ee7b66a1044e34a1ae736,e3b0c44298fc1c149afbf4c8996fb92427ae41e4649b934ca495991b7852b855,ajm005-t1-semantic-diagnostic-pass-20260714,REAL-20260714-036,NONE,NONE,P1_READINESS_BLOCKED_P1_P6_NOT_RUN,PASS_PARTIAL_CAD_ONLY,SpaceClaim producer and hash-bound semantic sidecar passed before the successful solver-side reconstruction diagnostic
ajm005-sem-20260714t214944170151z_221eac96-8332804d3611,AJM-WIN-ANSYS-STUDENT-CAPABILITY-SMOKE-005,005_T1_SEMANTIC_RECONSTRUCTION,ajm005-sem-20260714t214944170151z_221eac96,ajm005-sem-20260714t214944170151z_221eac96-8332804d3611,ajm005-workbench-semantic-reconstruction-t1-v1,workbench,7a7f8e098adf51743c7121dbdfb25ebf4756336d,c60beb14e03d3f77274f62d843a802131c5f8ec07501d9a8fc83cbb7c39e3098,LAPTOP-LCCLM2HI,Mac_Codex_via_SSH_MCP,2026_R1_v261,mcp1.28.1_pyfluent0.40.2_pymechanical0.12.11,student_smoke_005,C:\Users\admin\Downloads\AIRJET_ANSYS_STUDENT_SMOKE_005\ajm005-sem-20260714t214944170151z_221eac96\ajm005-sem-20260714t214944170151z_221eac96-8332804d3611,2026-07-14T21:50:10.085229+00:00,2026-07-14T21:50:41.442424+00:00,31.357,PROCESS_EXITED_0,0,NONE,PROCESS_EXITED_0,PASS_STEP_SEMANTIC_RECONSTRUCTION_DIAGNOSTIC,NOT_USER_OBSERVED,C:\Users\admin\Downloads\AIRJET_ANSYS_STUDENT_SMOKE_005\ajm005-sem-20260714t214944170151z_221eac96\ajm005-sem-20260714t214944170151z_221eac96-8332804d3611\workbench_semantic_reconstruction_t1.json,fc7e862ac05545a615a334185fffa16d9fa60e4f2d61e96e696bc7431d26d53a,logs/evidence/AJM005_T1_SEMANTIC_RECON_SUITE_20260714T214944170151Z_221eac96/suite-summary.json,NOT_APPLICABLE_CONDENSED_SUMMARY,e3b0c44298fc1c149afbf4c8996fb92427ae41e4649b934ca495991b7852b855,e3b0c44298fc1c149afbf4c8996fb92427ae41e4649b934ca495991b7852b855,ajm005-t1-semantic-diagnostic-pass-20260714,REAL-20260714-036,NONE,NONE,P1_READINESS_BLOCKED_P1_P6_NOT_RUN,PASS_DIAGNOSTIC_ONLY,Solver-side reconstruction 1 1 11 negative controls mesh and project passed; not native transfer or P1 pass
a5n-8bc3059cd345-399b0f417639,AJM-WIN-ANSYS-STUDENT-CAPABILITY-SMOKE-005,005_T1_PARTIAL_CAD,a5n-8bc3059cd345,a5n-8bc3059cd345-399b0f417639,ajm005-spaceclaim-cad-t1-v1,spaceclaim,41fa4a604dc04b3a32590a996a29fab7810c6d36,4fdaf2f1f5ae2063f79b99adc8ac6ae91a147032c1386fc4119b5abd4ceff17e,LAPTOP-LCCLM2HI,Mac_Codex_via_SSH_MCP,2026_R1_v261,mcp1.28.1_pyfluent0.40.2_pymechanical0.12.11,student_smoke_005,C:\Users\admin\Downloads\AIRJET_ANSYS_STUDENT_SMOKE_005\a5n-8bc3059cd345\a5n-8bc3059cd345-399b0f417639,2026-07-14T22:08:52.704855+00:00,2026-07-14T22:09:14.160430+00:00,21.456,PROCESS_EXITED_0,0,NONE,PROCESS_EXITED_0,PASS_PARTIAL_CAD_CAPABILITY,NOT_USER_OBSERVED,C:\Users\admin\Downloads\AIRJET_ANSYS_STUDENT_SMOKE_005\a5n-8bc3059cd345\a5n-8bc3059cd345-399b0f417639\spaceclaim_cad_t1.json,813df1c46d7047d75a8cc0900eb0649ea391fe92eb16a52e603a81f46bba93fd,logs/evidence/AJM005_T1_CAD_SUITE_20260714T220850149839Z_51a1f815/suite-summary.json,NOT_APPLICABLE_CONDENSED_SUMMARY,79551a4c3d73388c4aaf5036f1f4584ea0512a96d945b4c46dcf618473903eda,e3b0c44298fc1c149afbf4c8996fb92427ae41e4649b934ca495991b7852b855,ajm005-t1-native-short-path-fail-20260714,REAL-20260714-038,NONE,NONE,P1_READINESS_BLOCKED_P1_P6_NOT_RUN,PASS_PARTIAL_CAD_ONLY,SpaceClaim producer passed before the native short-path transfer retest
a5n-8bc3059cd345-f75ab60f6014,AJM-WIN-ANSYS-STUDENT-CAPABILITY-SMOKE-005,005_T1_CAD_TRANSFER,a5n-8bc3059cd345,a5n-8bc3059cd345-f75ab60f6014,ajm005-workbench-transfer-t1-v1,workbench,41fa4a604dc04b3a32590a996a29fab7810c6d36,162a7e13485f3ed31c270c7c40c47f378e7f1bac3b17217a06d40f52ad1200fb,LAPTOP-LCCLM2HI,Mac_Codex_via_SSH_MCP,2026_R1_v261,mcp1.28.1_pyfluent0.40.2_pymechanical0.12.11,student_smoke_005,C:\Users\admin\Downloads\AIRJET_ANSYS_STUDENT_SMOKE_005\a5n-8bc3059cd345\a5n-8bc3059cd345-f75ab60f6014,2026-07-14T22:09:16.067963+00:00,2026-07-14T22:13:56.414896+00:00,280.347,FAILED_PROCESS,2,NATIVE_ATTACH_FAILED_AT_145_CHARACTER_INPUT_PATH,FAILED_PROCESS,FAIL_DIRECT,NOT_USER_OBSERVED,C:\Users\admin\Downloads\AIRJET_ANSYS_STUDENT_SMOKE_005\a5n-8bc3059cd345\a5n-8bc3059cd345-f75ab60f6014\workbench_transfer_t1.json,3020c445a4587f7b2018b6449f58774bacb5f912aa9c001d5d3686c0d4f889e5,logs/evidence/AJM005_T1_CAD_SUITE_20260714T220850149839Z_51a1f815/suite-summary.json,NOT_APPLICABLE_CONDENSED_SUMMARY,e3b0c44298fc1c149afbf4c8996fb92427ae41e4649b934ca495991b7852b855,e3b0c44298fc1c149afbf4c8996fb92427ae41e4649b934ca495991b7852b855,ajm005-t1-native-short-path-fail-20260714,REAL-20260714-038,NONE,NONE,P1_READINESS_BLOCKED_P1_P6_NOT_RUN,FAIL_PRESERVED,Native input path was 145 characters but Model Refresh still failed to attach; inspection mesh and project not reached
a5n-6263df0a5eda-c8286865ca7c,AJM-WIN-ANSYS-STUDENT-CAPABILITY-SMOKE-005,005_T1_PARTIAL_CAD,a5n-6263df0a5eda,a5n-6263df0a5eda-c8286865ca7c,ajm005-spaceclaim-cad-t1-v1,spaceclaim,3336c75d0ff9a49c738623f7dd5625e37073235f,4fdaf2f1f5ae2063f79b99adc8ac6ae91a147032c1386fc4119b5abd4ceff17e,LAPTOP-LCCLM2HI,Mac_Codex_via_SSH_MCP,2026_R1_v261,mcp1.28.1_pyfluent0.40.2_pymechanical0.12.11,student_smoke_005,C:\Users\admin\Downloads\AIRJET_ANSYS_STUDENT_SMOKE_005\a5n-6263df0a5eda\a5n-6263df0a5eda-c8286865ca7c,2026-07-14T22:34:33.501511+00:00,2026-07-14T22:34:55.205537+00:00,21.704,PROCESS_EXITED_0,0,NONE,PROCESS_EXITED_0,PASS_PARTIAL_CAD_CAPABILITY,NOT_USER_OBSERVED,C:\Users\admin\Downloads\AIRJET_ANSYS_STUDENT_SMOKE_005\a5n-6263df0a5eda\a5n-6263df0a5eda-c8286865ca7c\spaceclaim_cad_t1.json,b79fd3b6a50a82708652203eb4c008674f722c2a2762b3ff26a2b541739dad94,logs/evidence/AJM005_T1_CAD_SUITE_20260714T223430902023Z_528b9791/suite-summary.json,NOT_APPLICABLE_CONDENSED_SUMMARY,4d5c0a80ffc803827b206184a99903748f1f3e7a547d56b6826d01a8ba9ef5ee,e3b0c44298fc1c149afbf4c8996fb92427ae41e4649b934ca495991b7852b855,ajm005-t1-native-writable-staging-fail-20260714,REAL-20260714-039,NONE,NONE,P1_READINESS_BLOCKED_P1_P6_NOT_RUN,PASS_PARTIAL_CAD_ONLY,SpaceClaim producer passed before writable staging native transfer retest
a5n-6263df0a5eda-860a53afe7a2,AJM-WIN-ANSYS-STUDENT-CAPABILITY-SMOKE-005,005_T1_CAD_TRANSFER,a5n-6263df0a5eda,a5n-6263df0a5eda-860a53afe7a2,ajm005-workbench-transfer-t1-v1,workbench,3336c75d0ff9a49c738623f7dd5625e37073235f,268385159e3c7d586bc379f76ab972dc5d2fabe07434d1e2038434b95f151b52,LAPTOP-LCCLM2HI,Mac_Codex_via_SSH_MCP,2026_R1_v261,mcp1.28.1_pyfluent0.40.2_pymechanical0.12.11,student_smoke_005,C:\Users\admin\Downloads\AIRJET_ANSYS_STUDENT_SMOKE_005\a5n-6263df0a5eda\a5n-6263df0a5eda-860a53afe7a2,2026-07-14T22:34:56.919277+00:00,2026-07-14T22:39:39.034452+00:00,282.115,FAILED_PROCESS,2,WRITABLE_STAGING_NATIVE_ATTACH_FAILED_AT_MODEL_REFRESH,FAILED_PROCESS,FAIL_DIRECT,NOT_USER_OBSERVED,C:\Users\admin\Downloads\AIRJET_ANSYS_STUDENT_SMOKE_005\a5n-6263df0a5eda\a5n-6263df0a5eda-860a53afe7a2\workbench_transfer_t1.json,afa8112e57d4ad6fc2b412fb99a5b5f59669e505a83464b428e609b33d34ae94,logs/evidence/AJM005_T1_CAD_SUITE_20260714T223430902023Z_528b9791/suite-summary.json,NOT_APPLICABLE_CONDENSED_SUMMARY,e3b0c44298fc1c149afbf4c8996fb92427ae41e4649b934ca495991b7852b855,e3b0c44298fc1c149afbf4c8996fb92427ae41e4649b934ca495991b7852b855,ajm005-t1-native-writable-staging-fail-20260714,REAL-20260714-039,NONE,NONE,P1_READINESS_BLOCKED_P1_P6_NOT_RUN,FAIL_PRESERVED,Writability intervention was active but native attach still failed; inspection mesh and project not reached
a5c-ab68b630caaa-6338801f9872,AJM-WIN-ANSYS-STUDENT-CAPABILITY-SMOKE-005,005_T1_PARTIAL_CAD,a5c-ab68b630caaa,a5c-ab68b630caaa-6338801f9872,ajm005-spaceclaim-cad-t1-v1,spaceclaim,f15aae34c6a3b7cf1d5fe3ea07b63cdee2b3e33a,4fdaf2f1f5ae2063f79b99adc8ac6ae91a147032c1386fc4119b5abd4ceff17e,LAPTOP-LCCLM2HI,Mac_Codex_via_SSH_MCP,2026_R1_v261,mcp1.28.1_pyfluent0.40.2_pymechanical0.12.11,student_smoke_005,C:\Users\admin\Downloads\AIRJET_ANSYS_STUDENT_SMOKE_005\a5c-ab68b630caaa\a5c-ab68b630caaa-6338801f9872,2026-07-14T23:09:06.539850+00:00,2026-07-14T23:09:30.999957+00:00,24.460,PROCESS_EXITED_0,0,NONE,PROCESS_EXITED_0,PASS_PARTIAL_CAD_CAPABILITY,NOT_USER_OBSERVED,C:\Users\admin\Downloads\AIRJET_ANSYS_STUDENT_SMOKE_005\a5c-ab68b630caaa\a5c-ab68b630caaa-6338801f9872\spaceclaim_cad_t1.json,29d8f21ed4d5d4372fd3f8ada318d6a6e16771c4bb7b0a6d9a021e2904b49d26,logs/evidence/AJM005_T1_CONNECTED_SC_SUITE_20260714T230903934067Z_ad740c2f/suite-summary.json,NOT_APPLICABLE_CONDENSED_SUMMARY,9223a5d3e81c7e5fa206a016877b302950f73bbafc7959e2746f570caa3454d3,e3b0c44298fc1c149afbf4c8996fb92427ae41e4649b934ca495991b7852b855,ajm005-t1-connected-spaceclaim-first-fail-20260714,REAL-20260714-041,NONE,NONE,P1_READINESS_BLOCKED_P1_P6_NOT_RUN,PASS_PARTIAL_CAD_ONLY,SpaceClaim producer passed before independent connected SpaceClaim document diagnostic
a5c-ab68b630caaa-a6a5526bae67,AJM-WIN-ANSYS-STUDENT-CAPABILITY-SMOKE-005,005_T1_CONNECTED_SPACECLAIM_DIAGNOSTIC,a5c-ab68b630caaa,a5c-ab68b630caaa-a6a5526bae67,ajm005-workbench-connected-spaceclaim-t1-v1,workbench,f15aae34c6a3b7cf1d5fe3ea07b63cdee2b3e33a,0f2f266d47a1e376e845dd144d3f76ea5dfe02a65a63c868c2f839084429e6bd,LAPTOP-LCCLM2HI,Mac_Codex_via_SSH_MCP,2026_R1_v261,mcp1.28.1_pyfluent0.40.2_pymechanical0.12.11,student_smoke_005,C:\Users\admin\Downloads\AIRJET_ANSYS_STUDENT_SMOKE_005\a5c-ab68b630caaa\a5c-ab68b630caaa-a6a5526bae67,2026-07-14T23:09:32.925151+00:00,2026-07-14T23:11:49.727144+00:00,136.802,FAILED_PROCESS,2,CONNECTED_BUILD_REPORT_MISSING_BEFORE_TRANSFER,FAILED_PROCESS,FAIL_CONNECTED_SPACECLAIM_DIAGNOSTIC,NOT_USER_OBSERVED,C:\Users\admin\Downloads\AIRJET_ANSYS_STUDENT_SMOKE_005\a5c-ab68b630caaa\a5c-ab68b630caaa-a6a5526bae67\workbench_connected_spaceclaim_t1.json,1e29128b0312c853820428e7bc9be6fb3c409db3ecd151841b2ce699c82f786d,logs/evidence/AJM005_T1_CONNECTED_SC_SUITE_20260714T230903934067Z_ad740c2f/suite-summary.json,NOT_APPLICABLE_CONDENSED_SUMMARY,e3b0c44298fc1c149afbf4c8996fb92427ae41e4649b934ca495991b7852b855,e3b0c44298fc1c149afbf4c8996fb92427ae41e4649b934ca495991b7852b855,ajm005-t1-connected-spaceclaim-first-fail-20260714,REAL-20260714-041;REAL-20260714-043,NONE,NONE,P1_READINESS_BLOCKED_P1_P6_NOT_RUN,FAIL_PRESERVED,Edit RunScript and Exit returned but build report was absent; transfer Refresh Mechanical mesh and project were not reached
a5c-df21627f7ebc-5782e518b714,AJM-WIN-ANSYS-STUDENT-CAPABILITY-SMOKE-005,005_T1_PARTIAL_CAD,a5c-df21627f7ebc,a5c-df21627f7ebc-5782e518b714,ajm005-spaceclaim-cad-t1-v1,spaceclaim,0b32f5d14b8e90d469e23f8de27c23f8b5406a62,4fdaf2f1f5ae2063f79b99adc8ac6ae91a147032c1386fc4119b5abd4ceff17e,LAPTOP-LCCLM2HI,Mac_Codex_via_SSH_MCP,2026_R1_v261,mcp1.28.1_pyfluent0.40.2_pymechanical0.12.11,student_smoke_005,C:\Users\admin\Downloads\AIRJET_ANSYS_STUDENT_SMOKE_005\a5c-df21627f7ebc\a5c-df21627f7ebc-5782e518b714,2026-07-14T23:34:52.960185+00:00,2026-07-14T23:35:13.324566+00:00,20.364,PROCESS_EXITED_0,0,NONE,PROCESS_EXITED_0,PASS_PARTIAL_CAD_CAPABILITY,NOT_USER_OBSERVED,C:\Users\admin\Downloads\AIRJET_ANSYS_STUDENT_SMOKE_005\a5c-df21627f7ebc\a5c-df21627f7ebc-5782e518b714\spaceclaim_cad_t1.json,67d64539ecf7ce6142239cc16718cf4aaa9794045b65e13b15110592ffef4fb3,logs/evidence/AJM005_T1_CONNECTED_SC_SUITE_20260714T233450354994Z_6e14c202/suite-summary.json,NOT_APPLICABLE_CONDENSED_SUMMARY,2739b511ab96a8b7914eee9d6b1adb6d198976c98f7fbf1e885a3f6dd4a64ace,e3b0c44298fc1c149afbf4c8996fb92427ae41e4649b934ca495991b7852b855,ajm005-t1-connected-literal-sentinel-fail-20260714,REAL-20260714-044,NONE,NONE,P1_READINESS_BLOCKED_P1_P6_NOT_RUN,PASS_PARTIAL_CAD_ONLY,SpaceClaim producer passed before connected literal-path early-sentinel retest
a5c-df21627f7ebc-a117ae4ce96f,AJM-WIN-ANSYS-STUDENT-CAPABILITY-SMOKE-005,005_T1_CONNECTED_SPACECLAIM_DIAGNOSTIC,a5c-df21627f7ebc,a5c-df21627f7ebc-a117ae4ce96f,ajm005-workbench-connected-spaceclaim-t1-v1,workbench,0b32f5d14b8e90d469e23f8de27c23f8b5406a62,f585cdb473f4c5ebd95d20098f4406b1430f7ed635d10591d05f50c3f42b6aab,LAPTOP-LCCLM2HI,Mac_Codex_via_SSH_MCP,2026_R1_v261,mcp1.28.1_pyfluent0.40.2_pymechanical0.12.11,student_smoke_005,C:\Users\admin\Downloads\AIRJET_ANSYS_STUDENT_SMOKE_005\a5c-df21627f7ebc\a5c-df21627f7ebc-a117ae4ce96f,2026-07-14T23:35:14.323675+00:00,2026-07-14T23:37:30.628678+00:00,136.305,FAILED_PROCESS,2,CONNECTED_ENTRY_SENTINEL_ABSENT_AT_THREE_CHECKPOINTS,FAILED_PROCESS,FAIL_CONNECTED_SPACECLAIM_DIAGNOSTIC,NOT_USER_OBSERVED,C:\Users\admin\Downloads\AIRJET_ANSYS_STUDENT_SMOKE_005\a5c-df21627f7ebc\a5c-df21627f7ebc-a117ae4ce96f\workbench_connected_spaceclaim_t1.json,f7fd0056589a55ad296f0c29cd50998acabe4108ae91cc76a2d5cc3187e4cea8,logs/evidence/AJM005_T1_CONNECTED_SC_SUITE_20260714T233450354994Z_6e14c202/suite-summary.json,NOT_APPLICABLE_CONDENSED_SUMMARY,e3b0c44298fc1c149afbf4c8996fb92427ae41e4649b934ca495991b7852b855,e3b0c44298fc1c149afbf4c8996fb92427ae41e4649b934ca495991b7852b855,ajm005-t1-connected-literal-sentinel-fail-20260714,REAL-20260714-044,NONE,NONE,P1_READINESS_BLOCKED_P1_P6_NOT_RUN,FAIL_PRESERVED,Literal path and pre-import sentinel still absent after RunScript after Exit and failure probe; connected transfer not reached
